{"v":"5.5.7","meta":{"g":"LottieFiles AE 0.1.20","a":"","k":"","d":"","tc":""},"fr":60,"ip":0,"op":180,"w":1080,"h":1080,"nm":"Scraner +","ddd":0,"assets":[{"id":"comp_0","layers":[{"ddd":0,"ind":1,"ty":4,"nm":"in 22","sr":1,"ks":{"o":{"a":0,"k":100,"ix":11},"r":{"a":0,"k":31,"ix":10},"p":{"a":0,"k":[125.5,265,0],"ix":2},"a":{"a":0,"k":[-61.5,32,0],"ix":1},"s":{"a":0,"k":[31.843,21.337,100],"ix":6}},"ao":0,"shapes":[{"ty":"gr","it":[{"ind":0,"ty":"sh","ix":1,"ks":{"a":0,"k":{"i":[[8.008,0],[0,-12.703],[-8.008,0],[0,12.703]],"o":[[-8.008,0],[0,12.703],[8.008,0],[0,-12.703]],"v":[[0,-23],[-14.5,0],[0,23],[14.5,0]],"c":true},"ix":2},"nm":"Path 1","mn":"ADBE Vector Shape - Group","hd":false},{"ty":"st","c":{"a":0,"k":[0,0,0,1],"ix":3},"o":{"a":0,"k":100,"ix":4},"w":{"a":0,"k":0,"ix":5},"lc":1,"lj":1,"ml":4,"bm":0,"nm":"Stroke 1","mn":"ADBE Vector Graphic - Stroke","hd":false},{"ty":"fl","c":{"a":0,"k":[0.831372608858,0.164705882353,0.019607843137,1],"ix":4},"o":{"a":0,"k":100,"ix":5},"r":1,"bm":0,"nm":"Fill 1","mn":"ADBE Vector Graphic - Fill","hd":false},{"ty":"tr","p":{"a":0,"k":[-61.5,32],"ix":2},"a":{"a":0,"k":[0,0],"ix":1},"s":{"a":0,"k":[100,100],"ix":3},"r":{"a":0,"k":0,"ix":6},"o":{"a":0,"k":100,"ix":7},"sk":{"a":0,"k":0,"ix":4},"sa":{"a":0,"k":0,"ix":5},"nm":"Transform"}],"nm":"Ellipse 1","np":3,"cix":2,"bm":0,"ix":1,"mn":"ADBE Vector Group","hd":false}],"ip":0,"op":186.186186186186,"st":0,"bm":0},{"ddd":0,"ind":2,"ty":4,"nm":"in 21","sr":1,"ks":{"o":{"a":0,"k":100,"ix":11},"r":{"a":0,"k":31,"ix":10},"p":{"a":0,"k":[125.5,265,0],"ix":2},"a":{"a":0,"k":[-61.5,32,0],"ix":1},"s":{"a":0,"k":[31.843,21.337,100],"ix":6}},"ao":0,"shapes":[{"ty":"gr","it":[{"ind":0,"ty":"sh","ix":1,"ks":{"a":0,"k":{"i":[[8.008,0],[0,-12.703],[-8.008,0],[0,12.703]],"o":[[-8.008,0],[0,12.703],[8.008,0],[0,-12.703]],"v":[[0,-23],[-14.5,0],[0,23],[14.5,0]],"c":true},"ix":2},"nm":"Path 1","mn":"ADBE Vector Shape - Group","hd":false},{"ty":"st","c":{"a":0,"k":[0,0,0,1],"ix":3},"o":{"a":0,"k":100,"ix":4},"w":{"a":0,"k":0,"ix":5},"lc":1,"lj":1,"ml":4,"bm":0,"nm":"Stroke 1","mn":"ADBE Vector Graphic - Stroke","hd":false},{"ty":"fl","c":{"a":0,"k":[0.831372608858,0.164705882353,0.019607843137,1],"ix":4},"o":{"a":0,"k":100,"ix":5},"r":1,"bm":0,"nm":"Fill 1","mn":"ADBE Vector Graphic - Fill","hd":false},{"ty":"tr","p":{"a":0,"k":[-61.5,32],"ix":2},"a":{"a":0,"k":[0,0],"ix":1},"s":{"a":0,"k":[100,100],"ix":3},"r":{"a":0,"k":0,"ix":6},"o":{"a":0,"k":100,"ix":7},"sk":{"a":0,"k":0,"ix":4},"sa":{"a":0,"k":0,"ix":5},"nm":"Transform"}],"nm":"Ellipse 1","np":3,"cix":2,"bm":0,"ix":1,"mn":"ADBE Vector Group","hd":false}],"ip":0,"op":186.186186186186,"st":0,"bm":0},{"ddd":0,"ind":3,"ty":4,"nm":"in 20","sr":1,"ks":{"o":{"a":0,"k":100,"ix":11},"r":{"a":0,"k":31,"ix":10},"p":{"a":0,"k":[176.5,240.5,0],"ix":2},"a":{"a":0,"k":[-61.5,32,0],"ix":1},"s":{"a":0,"k":[31.843,21.337,100],"ix":6}},"ao":0,"shapes":[{"ty":"gr","it":[{"ind":0,"ty":"sh","ix":1,"ks":{"a":0,"k":{"i":[[8.008,0],[0,-12.703],[-8.008,0],[0,12.703]],"o":[[-8.008,0],[0,12.703],[8.008,0],[0,-12.703]],"v":[[0,-23],[-14.5,0],[0,23],[14.5,0]],"c":true},"ix":2},"nm":"Path 1","mn":"ADBE Vector Shape - Group","hd":false},{"ty":"st","c":{"a":0,"k":[0,0,0,1],"ix":3},"o":{"a":0,"k":100,"ix":4},"w":{"a":0,"k":0,"ix":5},"lc":1,"lj":1,"ml":4,"bm":0,"nm":"Stroke 1","mn":"ADBE Vector Graphic - Stroke","hd":false},{"ty":"fl","c":{"a":0,"k":[0.831372608858,0.164705882353,0.019607843137,1],"ix":4},"o":{"a":0,"k":100,"ix":5},"r":1,"bm":0,"nm":"Fill 1","mn":"ADBE Vector Graphic - Fill","hd":false},{"ty":"tr","p":{"a":0,"k":[-61.5,32],"ix":2},"a":{"a":0,"k":[0,0],"ix":1},"s":{"a":0,"k":[100,100],"ix":3},"r":{"a":0,"k":0,"ix":6},"o":{"a":0,"k":100,"ix":7},"sk":{"a":0,"k":0,"ix":4},"sa":{"a":0,"k":0,"ix":5},"nm":"Transform"}],"nm":"Ellipse 1","np":3,"cix":2,"bm":0,"ix":1,"mn":"ADBE Vector Group","hd":false}],"ip":0,"op":186.186186186186,"st":0,"bm":0},{"ddd":0,"ind":4,"ty":4,"nm":"in 19","sr":1,"ks":{"o":{"a":0,"k":100,"ix":11},"r":{"a":0,"k":31,"ix":10},"p":{"a":0,"k":[264.5,188.5,0],"ix":2},"a":{"a":0,"k":[-61.5,32,0],"ix":1},"s":{"a":0,"k":[31.843,21.337,100],"ix":6}},"ao":0,"shapes":[{"ty":"gr","it":[{"ind":0,"ty":"sh","ix":1,"ks":{"a":0,"k":{"i":[[8.008,0],[0,-12.703],[-8.008,0],[0,12.703]],"o":[[-8.008,0],[0,12.703],[8.008,0],[0,-12.703]],"v":[[0,-23],[-14.5,0],[0,23],[14.5,0]],"c":true},"ix":2},"nm":"Path 1","mn":"ADBE Vector Shape - Group","hd":false},{"ty":"st","c":{"a":0,"k":[0,0,0,1],"ix":3},"o":{"a":0,"k":100,"ix":4},"w":{"a":0,"k":0,"ix":5},"lc":1,"lj":1,"ml":4,"bm":0,"nm":"Stroke 1","mn":"ADBE Vector Graphic - Stroke","hd":false},{"ty":"fl","c":{"a":0,"k":[0.831372608858,0.164705882353,0.019607843137,1],"ix":4},"o":{"a":0,"k":100,"ix":5},"r":1,"bm":0,"nm":"Fill 1","mn":"ADBE Vector Graphic - Fill","hd":false},{"ty":"tr","p":{"a":0,"k":[-61.5,32],"ix":2},"a":{"a":0,"k":[0,0],"ix":1},"s":{"a":0,"k":[100,100],"ix":3},"r":{"a":0,"k":0,"ix":6},"o":{"a":0,"k":100,"ix":7},"sk":{"a":0,"k":0,"ix":4},"sa":{"a":0,"k":0,"ix":5},"nm":"Transform"}],"nm":"Ellipse 1","np":3,"cix":2,"bm":0,"ix":1,"mn":"ADBE Vector Group","hd":false}],"ip":0,"op":186.186186186186,"st":0,"bm":0},{"ddd":0,"ind":5,"ty":4,"nm":"in 18","sr":1,"ks":{"o":{"a":0,"k":100,"ix":11},"r":{"a":0,"k":31,"ix":10},"p":{"a":0,"k":[99,181.5,0],"ix":2},"a":{"a":0,"k":[-61.5,32,0],"ix":1},"s":{"a":0,"k":[31.843,21.337,100],"ix":6}},"ao":0,"shapes":[{"ty":"gr","it":[{"ind":0,"ty":"sh","ix":1,"ks":{"a":0,"k":{"i":[[8.008,0],[0,-12.703],[-8.008,0],[0,12.703]],"o":[[-8.008,0],[0,12.703],[8.008,0],[0,-12.703]],"v":[[0,-23],[-14.5,0],[0,23],[14.5,0]],"c":true},"ix":2},"nm":"Path 1","mn":"ADBE Vector Shape - Group","hd":false},{"ty":"st","c":{"a":0,"k":[0,0,0,1],"ix":3},"o":{"a":0,"k":100,"ix":4},"w":{"a":0,"k":0,"ix":5},"lc":1,"lj":1,"ml":4,"bm":0,"nm":"Stroke 1","mn":"ADBE Vector Graphic - Stroke","hd":false},{"ty":"fl","c":{"a":0,"k":[0.831372608858,0.164705882353,0.019607843137,1],"ix":4},"o":{"a":0,"k":100,"ix":5},"r":1,"bm":0,"nm":"Fill 1","mn":"ADBE Vector Graphic - Fill","hd":false},{"ty":"tr","p":{"a":0,"k":[-61.5,32],"ix":2},"a":{"a":0,"k":[0,0],"ix":1},"s":{"a":0,"k":[100,100],"ix":3},"r":{"a":0,"k":0,"ix":6},"o":{"a":0,"k":100,"ix":7},"sk":{"a":0,"k":0,"ix":4},"sa":{"a":0,"k":0,"ix":5},"nm":"Transform"}],"nm":"Ellipse 1","np":3,"cix":2,"bm":0,"ix":1,"mn":"ADBE Vector Group","hd":false}],"ip":0,"op":186.186186186186,"st":0,"bm":0},{"ddd":0,"ind":6,"ty":4,"nm":"in 17","sr":1,"ks":{"o":{"a":0,"k":100,"ix":11},"r":{"a":0,"k":31,"ix":10},"p":{"a":0,"k":[154.5,125,0],"ix":2},"a":{"a":0,"k":[-61.5,32,0],"ix":1},"s":{"a":0,"k":[31.843,21.337,100],"ix":6}},"ao":0,"shapes":[{"ty":"gr","it":[{"ind":0,"ty":"sh","ix":1,"ks":{"a":0,"k":{"i":[[8.008,0],[0,-12.703],[-8.008,0],[0,12.703]],"o":[[-8.008,0],[0,12.703],[8.008,0],[0,-12.703]],"v":[[0,-23],[-14.5,0],[0,23],[14.5,0]],"c":true},"ix":2},"nm":"Path 1","mn":"ADBE Vector Shape - Group","hd":false},{"ty":"st","c":{"a":0,"k":[0,0,0,1],"ix":3},"o":{"a":0,"k":100,"ix":4},"w":{"a":0,"k":0,"ix":5},"lc":1,"lj":1,"ml":4,"bm":0,"nm":"Stroke 1","mn":"ADBE Vector Graphic - Stroke","hd":false},{"ty":"fl","c":{"a":0,"k":[0.831372608858,0.164705882353,0.019607843137,1],"ix":4},"o":{"a":0,"k":100,"ix":5},"r":1,"bm":0,"nm":"Fill 1","mn":"ADBE Vector Graphic - Fill","hd":false},{"ty":"tr","p":{"a":0,"k":[-61.5,32],"ix":2},"a":{"a":0,"k":[0,0],"ix":1},"s":{"a":0,"k":[100,100],"ix":3},"r":{"a":0,"k":0,"ix":6},"o":{"a":0,"k":100,"ix":7},"sk":{"a":0,"k":0,"ix":4},"sa":{"a":0,"k":0,"ix":5},"nm":"Transform"}],"nm":"Ellipse 1","np":3,"cix":2,"bm":0,"ix":1,"mn":"ADBE Vector Group","hd":false}],"ip":0,"op":186.186186186186,"st":0,"bm":0},{"ddd":0,"ind":7,"ty":4,"nm":"in 16","sr":1,"ks":{"o":{"a":0,"k":100,"ix":11},"r":{"a":0,"k":31,"ix":10},"p":{"a":0,"k":[213,157,0],"ix":2},"a":{"a":0,"k":[-61.5,32,0],"ix":1},"s":{"a":0,"k":[31.843,21.337,100],"ix":6}},"ao":0,"shapes":[{"ty":"gr","it":[{"ind":0,"ty":"sh","ix":1,"ks":{"a":0,"k":{"i":[[8.008,0],[0,-12.703],[-8.008,0],[0,12.703]],"o":[[-8.008,0],[0,12.703],[8.008,0],[0,-12.703]],"v":[[0,-23],[-14.5,0],[0,23],[14.5,0]],"c":true},"ix":2},"nm":"Path 1","mn":"ADBE Vector Shape - Group","hd":false},{"ty":"st","c":{"a":0,"k":[0,0,0,1],"ix":3},"o":{"a":0,"k":100,"ix":4},"w":{"a":0,"k":0,"ix":5},"lc":1,"lj":1,"ml":4,"bm":0,"nm":"Stroke 1","mn":"ADBE Vector Graphic - Stroke","hd":false},{"ty":"fl","c":{"a":0,"k":[0.831372608858,0.164705882353,0.019607843137,1],"ix":4},"o":{"a":0,"k":100,"ix":5},"r":1,"bm":0,"nm":"Fill 1","mn":"ADBE Vector Graphic - Fill","hd":false},{"ty":"tr","p":{"a":0,"k":[-61.5,32],"ix":2},"a":{"a":0,"k":[0,0],"ix":1},"s":{"a":0,"k":[100,100],"ix":3},"r":{"a":0,"k":0,"ix":6},"o":{"a":0,"k":100,"ix":7},"sk":{"a":0,"k":0,"ix":4},"sa":{"a":0,"k":0,"ix":5},"nm":"Transform"}],"nm":"Ellipse 1","np":3,"cix":2,"bm":0,"ix":1,"mn":"ADBE Vector Group","hd":false}],"ip":0,"op":186.186186186186,"st":0,"bm":0},{"ddd":0,"ind":8,"ty":4,"nm":"in 15","sr":1,"ks":{"o":{"a":0,"k":100,"ix":11},"r":{"a":0,"k":31,"ix":10},"p":{"a":0,"k":[147.5,235.5,0],"ix":2},"a":{"a":0,"k":[-61.5,32,0],"ix":1},"s":{"a":0,"k":[53.116,37.004,100],"ix":6}},"ao":0,"shapes":[{"ty":"gr","it":[{"ind":0,"ty":"sh","ix":1,"ks":{"a":0,"k":{"i":[[8.008,0],[0,-12.703],[-8.008,0],[0,12.703]],"o":[[-8.008,0],[0,12.703],[8.008,0],[0,-12.703]],"v":[[0,-23],[-14.5,0],[0,23],[14.5,0]],"c":true},"ix":2},"nm":"Path 1","mn":"ADBE Vector Shape - Group","hd":false},{"ty":"st","c":{"a":0,"k":[0,0,0,1],"ix":3},"o":{"a":0,"k":100,"ix":4},"w":{"a":0,"k":0,"ix":5},"lc":1,"lj":1,"ml":4,"bm":0,"nm":"Stroke 1","mn":"ADBE Vector Graphic - Stroke","hd":false},{"ty":"fl","c":{"a":0,"k":[0.831372608858,0.164705882353,0.019607843137,1],"ix":4},"o":{"a":0,"k":100,"ix":5},"r":1,"bm":0,"nm":"Fill 1","mn":"ADBE Vector Graphic - Fill","hd":false},{"ty":"tr","p":{"a":0,"k":[-61.5,32],"ix":2},"a":{"a":0,"k":[0,0],"ix":1},"s":{"a":0,"k":[100,100],"ix":3},"r":{"a":0,"k":0,"ix":6},"o":{"a":0,"k":100,"ix":7},"sk":{"a":0,"k":0,"ix":4},"sa":{"a":0,"k":0,"ix":5},"nm":"Transform"}],"nm":"Ellipse 1","np":3,"cix":2,"bm":0,"ix":1,"mn":"ADBE Vector Group","hd":false}],"ip":0,"op":186.186186186186,"st":0,"bm":0},{"ddd":0,"ind":9,"ty":4,"nm":"in 14","sr":1,"ks":{"o":{"a":0,"k":100,"ix":11},"r":{"a":0,"k":31,"ix":10},"p":{"a":0,"k":[163.5,217.5,0],"ix":2},"a":{"a":0,"k":[-61.5,32,0],"ix":1},"s":{"a":0,"k":[53.116,37.004,100],"ix":6}},"ao":0,"shapes":[{"ty":"gr","it":[{"ind":0,"ty":"sh","ix":1,"ks":{"a":0,"k":{"i":[[8.008,0],[0,-12.703],[-8.008,0],[0,12.703]],"o":[[-8.008,0],[0,12.703],[8.008,0],[0,-12.703]],"v":[[0,-23],[-14.5,0],[0,23],[14.5,0]],"c":true},"ix":2},"nm":"Path 1","mn":"ADBE Vector Shape - Group","hd":false},{"ty":"st","c":{"a":0,"k":[0,0,0,1],"ix":3},"o":{"a":0,"k":100,"ix":4},"w":{"a":0,"k":0,"ix":5},"lc":1,"lj":1,"ml":4,"bm":0,"nm":"Stroke 1","mn":"ADBE Vector Graphic - Stroke","hd":false},{"ty":"fl","c":{"a":0,"k":[0.831372608858,0.164705882353,0.019607843137,1],"ix":4},"o":{"a":0,"k":100,"ix":5},"r":1,"bm":0,"nm":"Fill 1","mn":"ADBE Vector Graphic - Fill","hd":false},{"ty":"tr","p":{"a":0,"k":[-61.5,32],"ix":2},"a":{"a":0,"k":[0,0],"ix":1},"s":{"a":0,"k":[100,100],"ix":3},"r":{"a":0,"k":0,"ix":6},"o":{"a":0,"k":100,"ix":7},"sk":{"a":0,"k":0,"ix":4},"sa":{"a":0,"k":0,"ix":5},"nm":"Transform"}],"nm":"Ellipse 1","np":3,"cix":2,"bm":0,"ix":1,"mn":"ADBE Vector Group","hd":false}],"ip":0,"op":186.186186186186,"st":0,"bm":0},{"ddd":0,"ind":10,"ty":4,"nm":"in 13","sr":1,"ks":{"o":{"a":0,"k":100,"ix":11},"r":{"a":0,"k":31,"ix":10},"p":{"a":0,"k":[187,202.5,0],"ix":2},"a":{"a":0,"k":[-61.5,32,0],"ix":1},"s":{"a":0,"k":[53.116,37.004,100],"ix":6}},"ao":0,"shapes":[{"ty":"gr","it":[{"ind":0,"ty":"sh","ix":1,"ks":{"a":0,"k":{"i":[[8.008,0],[0,-12.703],[-8.008,0],[0,12.703]],"o":[[-8.008,0],[0,12.703],[8.008,0],[0,-12.703]],"v":[[0,-23],[-14.5,0],[0,23],[14.5,0]],"c":true},"ix":2},"nm":"Path 1","mn":"ADBE Vector Shape - Group","hd":false},{"ty":"st","c":{"a":0,"k":[0,0,0,1],"ix":3},"o":{"a":0,"k":100,"ix":4},"w":{"a":0,"k":0,"ix":5},"lc":1,"lj":1,"ml":4,"bm":0,"nm":"Stroke 1","mn":"ADBE Vector Graphic - Stroke","hd":false},{"ty":"fl","c":{"a":0,"k":[0.831372608858,0.164705882353,0.019607843137,1],"ix":4},"o":{"a":0,"k":100,"ix":5},"r":1,"bm":0,"nm":"Fill 1","mn":"ADBE Vector Graphic - Fill","hd":false},{"ty":"tr","p":{"a":0,"k":[-61.5,32],"ix":2},"a":{"a":0,"k":[0,0],"ix":1},"s":{"a":0,"k":[100,100],"ix":3},"r":{"a":0,"k":0,"ix":6},"o":{"a":0,"k":100,"ix":7},"sk":{"a":0,"k":0,"ix":4},"sa":{"a":0,"k":0,"ix":5},"nm":"Transform"}],"nm":"Ellipse 1","np":3,"cix":2,"bm":0,"ix":1,"mn":"ADBE Vector Group","hd":false}],"ip":0,"op":186.186186186186,"st":0,"bm":0},{"ddd":0,"ind":11,"ty":4,"nm":"in 12","sr":1,"ks":{"o":{"a":0,"k":100,"ix":11},"r":{"a":0,"k":31,"ix":10},"p":{"a":0,"k":[202.5,231,0],"ix":2},"a":{"a":0,"k":[-61.5,32,0],"ix":1},"s":{"a":0,"k":[53.116,37.004,100],"ix":6}},"ao":0,"shapes":[{"ty":"gr","it":[{"ind":0,"ty":"sh","ix":1,"ks":{"a":0,"k":{"i":[[8.008,0],[0,-12.703],[-8.008,0],[0,12.703]],"o":[[-8.008,0],[0,12.703],[8.008,0],[0,-12.703]],"v":[[0,-23],[-14.5,0],[0,23],[14.5,0]],"c":true},"ix":2},"nm":"Path 1","mn":"ADBE Vector Shape - Group","hd":false},{"ty":"st","c":{"a":0,"k":[0,0,0,1],"ix":3},"o":{"a":0,"k":100,"ix":4},"w":{"a":0,"k":0,"ix":5},"lc":1,"lj":1,"ml":4,"bm":0,"nm":"Stroke 1","mn":"ADBE Vector Graphic - Stroke","hd":false},{"ty":"fl","c":{"a":0,"k":[0.831372608858,0.164705882353,0.019607843137,1],"ix":4},"o":{"a":0,"k":100,"ix":5},"r":1,"bm":0,"nm":"Fill 1","mn":"ADBE Vector Graphic - Fill","hd":false},{"ty":"tr","p":{"a":0,"k":[-61.5,32],"ix":2},"a":{"a":0,"k":[0,0],"ix":1},"s":{"a":0,"k":[100,100],"ix":3},"r":{"a":0,"k":0,"ix":6},"o":{"a":0,"k":100,"ix":7},"sk":{"a":0,"k":0,"ix":4},"sa":{"a":0,"k":0,"ix":5},"nm":"Transform"}],"nm":"Ellipse 1","np":3,"cix":2,"bm":0,"ix":1,"mn":"ADBE Vector Group","hd":false}],"ip":0,"op":186.186186186186,"st":0,"bm":0},{"ddd":0,"ind":12,"ty":4,"nm":"in 11","sr":1,"ks":{"o":{"a":0,"k":100,"ix":11},"r":{"a":0,"k":31,"ix":10},"p":{"a":0,"k":[231.5,228.5,0],"ix":2},"a":{"a":0,"k":[-61.5,32,0],"ix":1},"s":{"a":0,"k":[71.434,51.552,100],"ix":6}},"ao":0,"shapes":[{"ty":"gr","it":[{"ind":0,"ty":"sh","ix":1,"ks":{"a":0,"k":{"i":[[8.008,0],[0,-12.703],[-8.008,0],[0,12.703]],"o":[[-8.008,0],[0,12.703],[8.008,0],[0,-12.703]],"v":[[0,-23],[-14.5,0],[0,23],[14.5,0]],"c":true},"ix":2},"nm":"Path 1","mn":"ADBE Vector Shape - Group","hd":false},{"ty":"st","c":{"a":0,"k":[0,0,0,1],"ix":3},"o":{"a":0,"k":100,"ix":4},"w":{"a":0,"k":0,"ix":5},"lc":1,"lj":1,"ml":4,"bm":0,"nm":"Stroke 1","mn":"ADBE Vector Graphic - Stroke","hd":false},{"ty":"fl","c":{"a":0,"k":[0.831372608858,0.164705882353,0.019607843137,1],"ix":4},"o":{"a":0,"k":100,"ix":5},"r":1,"bm":0,"nm":"Fill 1","mn":"ADBE Vector Graphic - Fill","hd":false},{"ty":"tr","p":{"a":0,"k":[-61.5,32],"ix":2},"a":{"a":0,"k":[0,0],"ix":1},"s":{"a":0,"k":[100,100],"ix":3},"r":{"a":0,"k":0,"ix":6},"o":{"a":0,"k":100,"ix":7},"sk":{"a":0,"k":0,"ix":4},"sa":{"a":0,"k":0,"ix":5},"nm":"Transform"}],"nm":"Ellipse 1","np":3,"cix":2,"bm":0,"ix":1,"mn":"ADBE Vector Group","hd":false}],"ip":0,"op":186.186186186186,"st":0,"bm":0},{"ddd":0,"ind":13,"ty":4,"nm":"in 10","sr":1,"ks":{"o":{"a":0,"k":100,"ix":11},"r":{"a":0,"k":31,"ix":10},"p":{"a":0,"k":[222.5,195.5,0],"ix":2},"a":{"a":0,"k":[-61.5,32,0],"ix":1},"s":{"a":0,"k":[71.434,51.552,100],"ix":6}},"ao":0,"shapes":[{"ty":"gr","it":[{"ind":0,"ty":"sh","ix":1,"ks":{"a":0,"k":{"i":[[8.008,0],[0,-12.703],[-8.008,0],[0,12.703]],"o":[[-8.008,0],[0,12.703],[8.008,0],[0,-12.703]],"v":[[0,-23],[-14.5,0],[0,23],[14.5,0]],"c":true},"ix":2},"nm":"Path 1","mn":"ADBE Vector Shape - Group","hd":false},{"ty":"st","c":{"a":0,"k":[0,0,0,1],"ix":3},"o":{"a":0,"k":100,"ix":4},"w":{"a":0,"k":0,"ix":5},"lc":1,"lj":1,"ml":4,"bm":0,"nm":"Stroke 1","mn":"ADBE Vector Graphic - Stroke","hd":false},{"ty":"fl","c":{"a":0,"k":[0.831372608858,0.164705882353,0.019607843137,1],"ix":4},"o":{"a":0,"k":100,"ix":5},"r":1,"bm":0,"nm":"Fill 1","mn":"ADBE Vector Graphic - Fill","hd":false},{"ty":"tr","p":{"a":0,"k":[-61.5,32],"ix":2},"a":{"a":0,"k":[0,0],"ix":1},"s":{"a":0,"k":[100,100],"ix":3},"r":{"a":0,"k":0,"ix":6},"o":{"a":0,"k":100,"ix":7},"sk":{"a":0,"k":0,"ix":4},"sa":{"a":0,"k":0,"ix":5},"nm":"Transform"}],"nm":"Ellipse 1","np":3,"cix":2,"bm":0,"ix":1,"mn":"ADBE Vector Group","hd":false}],"ip":0,"op":186.186186186186,"st":0,"bm":0},{"ddd":0,"ind":14,"ty":4,"nm":"in 9","sr":1,"ks":{"o":{"a":0,"k":100,"ix":11},"r":{"a":0,"k":31,"ix":10},"p":{"a":0,"k":[143,184,0],"ix":2},"a":{"a":0,"k":[-61.5,32,0],"ix":1},"s":{"a":0,"k":[71.434,51.552,100],"ix":6}},"ao":0,"shapes":[{"ty":"gr","it":[{"ind":0,"ty":"sh","ix":1,"ks":{"a":0,"k":{"i":[[8.008,0],[0,-12.703],[-8.008,0],[0,12.703]],"o":[[-8.008,0],[0,12.703],[8.008,0],[0,-12.703]],"v":[[0,-23],[-14.5,0],[0,23],[14.5,0]],"c":true},"ix":2},"nm":"Path 1","mn":"ADBE Vector Shape - Group","hd":false},{"ty":"st","c":{"a":0,"k":[0,0,0,1],"ix":3},"o":{"a":0,"k":100,"ix":4},"w":{"a":0,"k":0,"ix":5},"lc":1,"lj":1,"ml":4,"bm":0,"nm":"Stroke 1","mn":"ADBE Vector Graphic - Stroke","hd":false},{"ty":"fl","c":{"a":0,"k":[0.831372608858,0.164705882353,0.019607843137,1],"ix":4},"o":{"a":0,"k":100,"ix":5},"r":1,"bm":0,"nm":"Fill 1","mn":"ADBE Vector Graphic - Fill","hd":false},{"ty":"tr","p":{"a":0,"k":[-61.5,32],"ix":2},"a":{"a":0,"k":[0,0],"ix":1},"s":{"a":0,"k":[100,100],"ix":3},"r":{"a":0,"k":0,"ix":6},"o":{"a":0,"k":100,"ix":7},"sk":{"a":0,"k":0,"ix":4},"sa":{"a":0,"k":0,"ix":5},"nm":"Transform"}],"nm":"Ellipse 1","np":3,"cix":2,"bm":0,"ix":1,"mn":"ADBE Vector Group","hd":false}],"ip":0,"op":186.186186186186,"st":0,"bm":0},{"ddd":0,"ind":15,"ty":4,"nm":"in 8","sr":1,"ks":{"o":{"a":0,"k":100,"ix":11},"r":{"a":0,"k":31,"ix":10},"p":{"a":0,"k":[181.5,168,0],"ix":2},"a":{"a":0,"k":[-61.5,32,0],"ix":1},"s":{"a":0,"k":[71.434,51.552,100],"ix":6}},"ao":0,"shapes":[{"ty":"gr","it":[{"ind":0,"ty":"sh","ix":1,"ks":{"a":0,"k":{"i":[[8.008,0],[0,-12.703],[-8.008,0],[0,12.703]],"o":[[-8.008,0],[0,12.703],[8.008,0],[0,-12.703]],"v":[[0,-23],[-14.5,0],[0,23],[14.5,0]],"c":true},"ix":2},"nm":"Path 1","mn":"ADBE Vector Shape - Group","hd":false},{"ty":"st","c":{"a":0,"k":[0,0,0,1],"ix":3},"o":{"a":0,"k":100,"ix":4},"w":{"a":0,"k":0,"ix":5},"lc":1,"lj":1,"ml":4,"bm":0,"nm":"Stroke 1","mn":"ADBE Vector Graphic - Stroke","hd":false},{"ty":"fl","c":{"a":0,"k":[0.831372608858,0.164705882353,0.019607843137,1],"ix":4},"o":{"a":0,"k":100,"ix":5},"r":1,"bm":0,"nm":"Fill 1","mn":"ADBE Vector Graphic - Fill","hd":false},{"ty":"tr","p":{"a":0,"k":[-61.5,32],"ix":2},"a":{"a":0,"k":[0,0],"ix":1},"s":{"a":0,"k":[100,100],"ix":3},"r":{"a":0,"k":0,"ix":6},"o":{"a":0,"k":100,"ix":7},"sk":{"a":0,"k":0,"ix":4},"sa":{"a":0,"k":0,"ix":5},"nm":"Transform"}],"nm":"Ellipse 1","np":3,"cix":2,"bm":0,"ix":1,"mn":"ADBE Vector Group","hd":false}],"ip":0,"op":186.186186186186,"st":0,"bm":0},{"ddd":0,"ind":16,"ty":4,"nm":"in 7","sr":1,"ks":{"o":{"a":0,"k":100,"ix":11},"r":{"a":0,"k":31,"ix":10},"p":{"a":0,"k":[126.5,156,0],"ix":2},"a":{"a":0,"k":[-61.5,32,0],"ix":1},"s":{"a":0,"k":[71.434,91.075,100],"ix":6}},"ao":0,"shapes":[{"ty":"gr","it":[{"ind":0,"ty":"sh","ix":1,"ks":{"a":0,"k":{"i":[[8.008,0],[0,-12.703],[-8.008,0],[0,12.703]],"o":[[-8.008,0],[0,12.703],[8.008,0],[0,-12.703]],"v":[[0,-23],[-14.5,0],[0,23],[14.5,0]],"c":true},"ix":2},"nm":"Path 1","mn":"ADBE Vector Shape - Group","hd":false},{"ty":"st","c":{"a":0,"k":[0,0,0,1],"ix":3},"o":{"a":0,"k":100,"ix":4},"w":{"a":0,"k":0,"ix":5},"lc":1,"lj":1,"ml":4,"bm":0,"nm":"Stroke 1","mn":"ADBE Vector Graphic - Stroke","hd":false},{"ty":"fl","c":{"a":0,"k":[0.831372608858,0.164705882353,0.019607843137,1],"ix":4},"o":{"a":0,"k":100,"ix":5},"r":1,"bm":0,"nm":"Fill 1","mn":"ADBE Vector Graphic - Fill","hd":false},{"ty":"tr","p":{"a":0,"k":[-61.5,32],"ix":2},"a":{"a":0,"k":[0,0],"ix":1},"s":{"a":0,"k":[100,100],"ix":3},"r":{"a":0,"k":0,"ix":6},"o":{"a":0,"k":100,"ix":7},"sk":{"a":0,"k":0,"ix":4},"sa":{"a":0,"k":0,"ix":5},"nm":"Transform"}],"nm":"Ellipse 1","np":3,"cix":2,"bm":0,"ix":1,"mn":"ADBE Vector Group","hd":false}],"ip":0,"op":186.186186186186,"st":0,"bm":0},{"ddd":0,"ind":17,"ty":4,"nm":"in 6","sr":1,"ks":{"o":{"a":0,"k":100,"ix":11},"r":{"a":0,"k":-86,"ix":10},"p":{"a":0,"k":[193.5,126.5,0],"ix":2},"a":{"a":0,"k":[-61.5,32,0],"ix":1},"s":{"a":0,"k":[71.434,91.075,100],"ix":6}},"ao":0,"shapes":[{"ty":"gr","it":[{"ind":0,"ty":"sh","ix":1,"ks":{"a":0,"k":{"i":[[8.008,0],[0,-12.703],[-8.008,0],[0,12.703]],"o":[[-8.008,0],[0,12.703],[8.008,0],[0,-12.703]],"v":[[0,-23],[-14.5,0],[0,23],[14.5,0]],"c":true},"ix":2},"nm":"Path 1","mn":"ADBE Vector Shape - Group","hd":false},{"ty":"st","c":{"a":0,"k":[0,0,0,1],"ix":3},"o":{"a":0,"k":100,"ix":4},"w":{"a":0,"k":0,"ix":5},"lc":1,"lj":1,"ml":4,"bm":0,"nm":"Stroke 1","mn":"ADBE Vector Graphic - Stroke","hd":false},{"ty":"fl","c":{"a":0,"k":[0.831372608858,0.164705882353,0.019607843137,1],"ix":4},"o":{"a":0,"k":100,"ix":5},"r":1,"bm":0,"nm":"Fill 1","mn":"ADBE Vector Graphic - Fill","hd":false},{"ty":"tr","p":{"a":0,"k":[-61.5,32],"ix":2},"a":{"a":0,"k":[0,0],"ix":1},"s":{"a":0,"k":[100,100],"ix":3},"r":{"a":0,"k":0,"ix":6},"o":{"a":0,"k":100,"ix":7},"sk":{"a":0,"k":0,"ix":4},"sa":{"a":0,"k":0,"ix":5},"nm":"Transform"}],"nm":"Ellipse 1","np":3,"cix":2,"bm":0,"ix":1,"mn":"ADBE Vector Group","hd":false}],"ip":0,"op":186.186186186186,"st":0,"bm":0},{"ddd":0,"ind":18,"ty":4,"nm":"in 5","sr":1,"ks":{"o":{"a":0,"k":100,"ix":11},"r":{"a":0,"k":-200,"ix":10},"p":{"a":0,"k":[245,161.5,0],"ix":2},"a":{"a":0,"k":[-61.5,32,0],"ix":1},"s":{"a":0,"k":[61.434,78.326,100],"ix":6}},"ao":0,"shapes":[{"ty":"gr","it":[{"ind":0,"ty":"sh","ix":1,"ks":{"a":0,"k":{"i":[[8.008,0],[0,-12.703],[-8.008,0],[0,12.703]],"o":[[-8.008,0],[0,12.703],[8.008,0],[0,-12.703]],"v":[[0,-23],[-14.5,0],[0,23],[14.5,0]],"c":true},"ix":2},"nm":"Path 1","mn":"ADBE Vector Shape - Group","hd":false},{"ty":"st","c":{"a":0,"k":[0,0,0,1],"ix":3},"o":{"a":0,"k":100,"ix":4},"w":{"a":0,"k":0,"ix":5},"lc":1,"lj":1,"ml":4,"bm":0,"nm":"Stroke 1","mn":"ADBE Vector Graphic - Stroke","hd":false},{"ty":"fl","c":{"a":0,"k":[0.831372608858,0.164705882353,0.019607843137,1],"ix":4},"o":{"a":0,"k":100,"ix":5},"r":1,"bm":0,"nm":"Fill 1","mn":"ADBE Vector Graphic - Fill","hd":false},{"ty":"tr","p":{"a":0,"k":[-61.5,32],"ix":2},"a":{"a":0,"k":[0,0],"ix":1},"s":{"a":0,"k":[100,100],"ix":3},"r":{"a":0,"k":0,"ix":6},"o":{"a":0,"k":100,"ix":7},"sk":{"a":0,"k":0,"ix":4},"sa":{"a":0,"k":0,"ix":5},"nm":"Transform"}],"nm":"Ellipse 1","np":3,"cix":2,"bm":0,"ix":1,"mn":"ADBE Vector Group","hd":false}],"ip":0,"op":186.186186186186,"st":0,"bm":0},{"ddd":0,"ind":19,"ty":4,"nm":"in 4","sr":1,"ks":{"o":{"a":0,"k":100,"ix":11},"r":{"a":0,"k":-158,"ix":10},"p":{"a":0,"k":[253.5,213.5,0],"ix":2},"a":{"a":0,"k":[-61.5,32,0],"ix":1},"s":{"a":0,"k":[53.434,68.126,100],"ix":6}},"ao":0,"shapes":[{"ty":"gr","it":[{"ind":0,"ty":"sh","ix":1,"ks":{"a":0,"k":{"i":[[8.008,0],[0,-12.703],[-8.008,0],[0,12.703]],"o":[[-8.008,0],[0,12.703],[8.008,0],[0,-12.703]],"v":[[0,-23],[-14.5,0],[0,23],[14.5,0]],"c":true},"ix":2},"nm":"Path 1","mn":"ADBE Vector Shape - Group","hd":false},{"ty":"st","c":{"a":0,"k":[0,0,0,1],"ix":3},"o":{"a":0,"k":100,"ix":4},"w":{"a":0,"k":0,"ix":5},"lc":1,"lj":1,"ml":4,"bm":0,"nm":"Stroke 1","mn":"ADBE Vector Graphic - Stroke","hd":false},{"ty":"fl","c":{"a":0,"k":[0.831372608858,0.164705882353,0.019607843137,1],"ix":4},"o":{"a":0,"k":100,"ix":5},"r":1,"bm":0,"nm":"Fill 1","mn":"ADBE Vector Graphic - Fill","hd":false},{"ty":"tr","p":{"a":0,"k":[-61.5,32],"ix":2},"a":{"a":0,"k":[0,0],"ix":1},"s":{"a":0,"k":[100,100],"ix":3},"r":{"a":0,"k":0,"ix":6},"o":{"a":0,"k":100,"ix":7},"sk":{"a":0,"k":0,"ix":4},"sa":{"a":0,"k":0,"ix":5},"nm":"Transform"}],"nm":"Ellipse 1","np":3,"cix":2,"bm":0,"ix":1,"mn":"ADBE Vector Group","hd":false}],"ip":0,"op":186.186186186186,"st":0,"bm":0},{"ddd":0,"ind":20,"ty":4,"nm":"in 3","sr":1,"ks":{"o":{"a":0,"k":100,"ix":11},"r":{"a":0,"k":-113,"ix":10},"p":{"a":0,"k":[231,256.5,0],"ix":2},"a":{"a":0,"k":[-61.5,32,0],"ix":1},"s":{"a":0,"k":[53.434,68.126,100],"ix":6}},"ao":0,"shapes":[{"ty":"gr","it":[{"ind":0,"ty":"sh","ix":1,"ks":{"a":0,"k":{"i":[[8.008,0],[0,-12.703],[-8.008,0],[0,12.703]],"o":[[-8.008,0],[0,12.703],[8.008,0],[0,-12.703]],"v":[[0,-23],[-14.5,0],[0,23],[14.5,0]],"c":true},"ix":2},"nm":"Path 1","mn":"ADBE Vector Shape - Group","hd":false},{"ty":"st","c":{"a":0,"k":[0,0,0,1],"ix":3},"o":{"a":0,"k":100,"ix":4},"w":{"a":0,"k":0,"ix":5},"lc":1,"lj":1,"ml":4,"bm":0,"nm":"Stroke 1","mn":"ADBE Vector Graphic - Stroke","hd":false},{"ty":"fl","c":{"a":0,"k":[0.831372608858,0.164705882353,0.019607843137,1],"ix":4},"o":{"a":0,"k":100,"ix":5},"r":1,"bm":0,"nm":"Fill 1","mn":"ADBE Vector Graphic - Fill","hd":false},{"ty":"tr","p":{"a":0,"k":[-61.5,32],"ix":2},"a":{"a":0,"k":[0,0],"ix":1},"s":{"a":0,"k":[100,100],"ix":3},"r":{"a":0,"k":0,"ix":6},"o":{"a":0,"k":100,"ix":7},"sk":{"a":0,"k":0,"ix":4},"sa":{"a":0,"k":0,"ix":5},"nm":"Transform"}],"nm":"Ellipse 1","np":3,"cix":2,"bm":0,"ix":1,"mn":"ADBE Vector Group","hd":false}],"ip":0,"op":186.186186186186,"st":0,"bm":0},{"ddd":0,"ind":21,"ty":4,"nm":"in 2","sr":1,"ks":{"o":{"a":0,"k":100,"ix":11},"r":{"a":0,"k":-82,"ix":10},"p":{"a":0,"k":[170,267,0],"ix":2},"a":{"a":0,"k":[-61.5,32,0],"ix":1},"s":{"a":0,"k":[78.434,100,100],"ix":6}},"ao":0,"shapes":[{"ty":"gr","it":[{"ind":0,"ty":"sh","ix":1,"ks":{"a":0,"k":{"i":[[8.008,0],[0,-12.703],[-8.008,0],[0,12.703]],"o":[[-8.008,0],[0,12.703],[8.008,0],[0,-12.703]],"v":[[0,-23],[-14.5,0],[0,23],[14.5,0]],"c":true},"ix":2},"nm":"Path 1","mn":"ADBE Vector Shape - Group","hd":false},{"ty":"st","c":{"a":0,"k":[0,0,0,1],"ix":3},"o":{"a":0,"k":100,"ix":4},"w":{"a":0,"k":0,"ix":5},"lc":1,"lj":1,"ml":4,"bm":0,"nm":"Stroke 1","mn":"ADBE Vector Graphic - Stroke","hd":false},{"ty":"fl","c":{"a":0,"k":[0.831372608858,0.164705882353,0.019607843137,1],"ix":4},"o":{"a":0,"k":100,"ix":5},"r":1,"bm":0,"nm":"Fill 1","mn":"ADBE Vector Graphic - Fill","hd":false},{"ty":"tr","p":{"a":0,"k":[-61.5,32],"ix":2},"a":{"a":0,"k":[0,0],"ix":1},"s":{"a":0,"k":[100,100],"ix":3},"r":{"a":0,"k":0,"ix":6},"o":{"a":0,"k":100,"ix":7},"sk":{"a":0,"k":0,"ix":4},"sa":{"a":0,"k":0,"ix":5},"nm":"Transform"}],"nm":"Ellipse 1","np":3,"cix":2,"bm":0,"ix":1,"mn":"ADBE Vector Group","hd":false}],"ip":0,"op":186.186186186186,"st":0,"bm":0},{"ddd":0,"ind":22,"ty":4,"nm":"in","sr":1,"ks":{"o":{"a":0,"k":100,"ix":11},"r":{"a":0,"k":-27,"ix":10},"p":{"a":0,"k":[115,229,0],"ix":2},"a":{"a":0,"k":[-61.5,32,0],"ix":1},"s":{"a":0,"k":[78.434,100,100],"ix":6}},"ao":0,"shapes":[{"ty":"gr","it":[{"ind":0,"ty":"sh","ix":1,"ks":{"a":0,"k":{"i":[[8.008,0],[0,-12.703],[-8.008,0],[0,12.703]],"o":[[-8.008,0],[0,12.703],[8.008,0],[0,-12.703]],"v":[[0,-23],[-14.5,0],[0,23],[14.5,0]],"c":true},"ix":2},"nm":"Path 1","mn":"ADBE Vector Shape - Group","hd":false},{"ty":"st","c":{"a":0,"k":[0,0,0,1],"ix":3},"o":{"a":0,"k":100,"ix":4},"w":{"a":0,"k":0,"ix":5},"lc":1,"lj":1,"ml":4,"bm":0,"nm":"Stroke 1","mn":"ADBE Vector Graphic - Stroke","hd":false},{"ty":"fl","c":{"a":0,"k":[0.831372608858,0.164705882353,0.019607843137,1],"ix":4},"o":{"a":0,"k":100,"ix":5},"r":1,"bm":0,"nm":"Fill 1","mn":"ADBE Vector Graphic - Fill","hd":false},{"ty":"tr","p":{"a":0,"k":[-61.5,32],"ix":2},"a":{"a":0,"k":[0,0],"ix":1},"s":{"a":0,"k":[100,100],"ix":3},"r":{"a":0,"k":0,"ix":6},"o":{"a":0,"k":100,"ix":7},"sk":{"a":0,"k":0,"ix":4},"sa":{"a":0,"k":0,"ix":5},"nm":"Transform"}],"nm":"Ellipse 1","np":3,"cix":2,"bm":0,"ix":1,"mn":"ADBE Vector Group","hd":false}],"ip":0,"op":186.186186186186,"st":0,"bm":0},{"ddd":0,"ind":23,"ty":4,"nm":"Bar 24","sr":1,"ks":{"o":{"a":0,"k":100,"ix":11},"r":{"a":0,"k":312,"ix":10},"p":{"a":0,"k":[166.138,284.642,0],"ix":2},"a":{"a":0,"k":[-67.862,49.892,0],"ix":1},"s":{"a":1,"k":[{"i":{"x":[0.833,0.833,0.833],"y":[0.833,0.833,0.833]},"o":{"x":[0.167,0.167,0.167],"y":[0.167,0.167,0.167]},"t":0,"s":[58,58,100]},{"i":{"x":[0.833,0.833,0.833],"y":[0.833,0.833,0.833]},"o":{"x":[0.167,0.167,0.167],"y":[0.167,0.167,0.167]},"t":30.03,"s":[51,51,100]},{"i":{"x":[0.833,0.833,0.833],"y":[0.833,0.833,0.833]},"o":{"x":[0.167,0.167,0.167],"y":[0.167,0.167,0.167]},"t":60.06,"s":[69,69,100]},{"i":{"x":[0.833,0.833,0.833],"y":[0.833,0.833,0.833]},"o":{"x":[0.167,0.167,0.167],"y":[0.167,0.167,0.167]},"t":90.09,"s":[47,47,100]},{"t":118.118118118118,"s":[70,70,100]}],"ix":6}},"ao":0,"shapes":[{"ty":"gr","it":[{"ind":0,"ty":"sh","ix":1,"ks":{"a":0,"k":{"i":[[2.351,-4.826],[7.106,-6.565],[0.409,0.377],[-8.5,-16.5],[-0.125,12.125],[-2.677,0.09],[0,0]],"o":[[-2.375,4.875],[-3.249,3.002],[-6.516,-6.014],[9.75,13.125],[-0.086,-4.21],[5.231,-0.176],[0,0]],"v":[[-76.375,44.875],[-100.626,68.123],[-106.375,69],[-117,83.5],[-99.5,78],[-71.106,61.301],[-61.875,58]],"c":true},"ix":2},"nm":"Path 1","mn":"ADBE Vector Shape - Group","hd":false},{"ty":"st","c":{"a":0,"k":[0,0,0,1],"ix":3},"o":{"a":0,"k":100,"ix":4},"w":{"a":0,"k":0,"ix":5},"lc":1,"lj":1,"ml":4,"bm":0,"nm":"Stroke 1","mn":"ADBE Vector Graphic - Stroke","hd":false},{"ty":"fl","c":{"a":0,"k":[0.917647058824,0.02159169515,0.253512034697,1],"ix":4},"o":{"a":0,"k":100,"ix":5},"r":1,"bm":0,"nm":"Fill 1","mn":"ADBE Vector Graphic - Fill","hd":false},{"ty":"tr","p":{"a":0,"k":[0,0],"ix":2},"a":{"a":0,"k":[0,0],"ix":1},"s":{"a":0,"k":[100,100],"ix":3},"r":{"a":0,"k":0,"ix":6},"o":{"a":0,"k":100,"ix":7},"sk":{"a":0,"k":0,"ix":4},"sa":{"a":0,"k":0,"ix":5},"nm":"Transform"}],"nm":"Shape 1","np":3,"cix":2,"bm":0,"ix":1,"mn":"ADBE Vector Group","hd":false}],"ip":0,"op":186.186186186186,"st":0,"bm":0},{"ddd":0,"ind":24,"ty":4,"nm":"Bar 23","sr":1,"ks":{"o":{"a":0,"k":100,"ix":11},"r":{"a":0,"k":285,"ix":10},"p":{"a":0,"k":[212.388,281.892,0],"ix":2},"a":{"a":0,"k":[-67.862,49.892,0],"ix":1},"s":{"a":1,"k":[{"i":{"x":[0.833,0.833,0.833],"y":[0.833,0.833,0.833]},"o":{"x":[0.167,0.167,0.167],"y":[0.167,0.167,0.167]},"t":0,"s":[58,58,100]},{"i":{"x":[0.833,0.833,0.833],"y":[0.833,0.833,0.833]},"o":{"x":[0.167,0.167,0.167],"y":[0.167,0.167,0.167]},"t":30.03,"s":[51,51,100]},{"i":{"x":[0.833,0.833,0.833],"y":[0.833,0.833,0.833]},"o":{"x":[0.167,0.167,0.167],"y":[0.167,0.167,0.167]},"t":60.06,"s":[69,69,100]},{"i":{"x":[0.833,0.833,0.833],"y":[0.833,0.833,0.833]},"o":{"x":[0.167,0.167,0.167],"y":[0.167,0.167,0.167]},"t":90.09,"s":[47,47,100]},{"t":118.118118118118,"s":[70,70,100]}],"ix":6}},"ao":0,"shapes":[{"ty":"gr","it":[{"ind":0,"ty":"sh","ix":1,"ks":{"a":0,"k":{"i":[[2.351,-4.826],[7.106,-6.565],[0.409,0.377],[-8.5,-16.5],[-0.125,12.125],[-2.677,0.09],[0,0]],"o":[[-2.375,4.875],[-3.249,3.002],[-6.516,-6.014],[9.75,13.125],[-0.086,-4.21],[5.231,-0.176],[0,0]],"v":[[-76.375,44.875],[-100.626,68.123],[-106.375,69],[-117,83.5],[-99.5,78],[-71.106,61.301],[-61.875,58]],"c":true},"ix":2},"nm":"Path 1","mn":"ADBE Vector Shape - Group","hd":false},{"ty":"st","c":{"a":0,"k":[0,0,0,1],"ix":3},"o":{"a":0,"k":100,"ix":4},"w":{"a":0,"k":0,"ix":5},"lc":1,"lj":1,"ml":4,"bm":0,"nm":"Stroke 1","mn":"ADBE Vector Graphic - Stroke","hd":false},{"ty":"fl","c":{"a":0,"k":[0.917647058824,0.02159169515,0.253512034697,1],"ix":4},"o":{"a":0,"k":100,"ix":5},"r":1,"bm":0,"nm":"Fill 1","mn":"ADBE Vector Graphic - Fill","hd":false},{"ty":"tr","p":{"a":0,"k":[0,0],"ix":2},"a":{"a":0,"k":[0,0],"ix":1},"s":{"a":0,"k":[100,100],"ix":3},"r":{"a":0,"k":0,"ix":6},"o":{"a":0,"k":100,"ix":7},"sk":{"a":0,"k":0,"ix":4},"sa":{"a":0,"k":0,"ix":5},"nm":"Transform"}],"nm":"Shape 1","np":3,"cix":2,"bm":0,"ix":1,"mn":"ADBE Vector Group","hd":false}],"ip":0,"op":186.186186186186,"st":0,"bm":0},{"ddd":0,"ind":25,"ty":4,"nm":"Bar 22","sr":1,"ks":{"o":{"a":0,"k":100,"ix":11},"r":{"a":0,"k":251,"ix":10},"p":{"a":0,"k":[246.638,255.892,0],"ix":2},"a":{"a":0,"k":[-67.862,49.892,0],"ix":1},"s":{"a":1,"k":[{"i":{"x":[0.833,0.833,0.833],"y":[0.833,0.833,0.833]},"o":{"x":[0.167,0.167,0.167],"y":[0.167,0.167,0.167]},"t":0,"s":[58,58,100]},{"i":{"x":[0.833,0.833,0.833],"y":[0.833,0.833,0.833]},"o":{"x":[0.167,0.167,0.167],"y":[0.167,0.167,0.167]},"t":30.03,"s":[51,51,100]},{"i":{"x":[0.833,0.833,0.833],"y":[0.833,0.833,0.833]},"o":{"x":[0.167,0.167,0.167],"y":[0.167,0.167,0.167]},"t":60.06,"s":[69,69,100]},{"i":{"x":[0.833,0.833,0.833],"y":[0.833,0.833,0.833]},"o":{"x":[0.167,0.167,0.167],"y":[0.167,0.167,0.167]},"t":90.09,"s":[47,47,100]},{"t":118.118118118118,"s":[70,70,100]}],"ix":6}},"ao":0,"shapes":[{"ty":"gr","it":[{"ind":0,"ty":"sh","ix":1,"ks":{"a":0,"k":{"i":[[2.351,-4.826],[7.106,-6.565],[0.409,0.377],[-8.5,-16.5],[-0.125,12.125],[-2.677,0.09],[0,0]],"o":[[-2.375,4.875],[-3.249,3.002],[-6.516,-6.014],[9.75,13.125],[-0.086,-4.21],[5.231,-0.176],[0,0]],"v":[[-76.375,44.875],[-100.626,68.123],[-106.375,69],[-117,83.5],[-99.5,78],[-71.106,61.301],[-61.875,58]],"c":true},"ix":2},"nm":"Path 1","mn":"ADBE Vector Shape - Group","hd":false},{"ty":"st","c":{"a":0,"k":[0,0,0,1],"ix":3},"o":{"a":0,"k":100,"ix":4},"w":{"a":0,"k":0,"ix":5},"lc":1,"lj":1,"ml":4,"bm":0,"nm":"Stroke 1","mn":"ADBE Vector Graphic - Stroke","hd":false},{"ty":"fl","c":{"a":0,"k":[0.917647058824,0.02159169515,0.253512034697,1],"ix":4},"o":{"a":0,"k":100,"ix":5},"r":1,"bm":0,"nm":"Fill 1","mn":"ADBE Vector Graphic - Fill","hd":false},{"ty":"tr","p":{"a":0,"k":[0,0],"ix":2},"a":{"a":0,"k":[0,0],"ix":1},"s":{"a":0,"k":[100,100],"ix":3},"r":{"a":0,"k":0,"ix":6},"o":{"a":0,"k":100,"ix":7},"sk":{"a":0,"k":0,"ix":4},"sa":{"a":0,"k":0,"ix":5},"nm":"Transform"}],"nm":"Shape 1","np":3,"cix":2,"bm":0,"ix":1,"mn":"ADBE Vector Group","hd":false}],"ip":0,"op":186.186186186186,"st":0,"bm":0},{"ddd":0,"ind":26,"ty":4,"nm":"Bar 21","sr":1,"ks":{"o":{"a":0,"k":100,"ix":11},"r":{"a":0,"k":222,"ix":10},"p":{"a":0,"k":[267.138,214.392,0],"ix":2},"a":{"a":0,"k":[-67.862,49.892,0],"ix":1},"s":{"a":1,"k":[{"i":{"x":[0.833,0.833,0.833],"y":[0.833,0.833,0.833]},"o":{"x":[0.167,0.167,0.167],"y":[0.167,0.167,0.167]},"t":0,"s":[58,58,100]},{"i":{"x":[0.833,0.833,0.833],"y":[0.833,0.833,0.833]},"o":{"x":[0.167,0.167,0.167],"y":[0.167,0.167,0.167]},"t":30.03,"s":[51,51,100]},{"i":{"x":[0.833,0.833,0.833],"y":[0.833,0.833,0.833]},"o":{"x":[0.167,0.167,0.167],"y":[0.167,0.167,0.167]},"t":60.06,"s":[69,69,100]},{"i":{"x":[0.833,0.833,0.833],"y":[0.833,0.833,0.833]},"o":{"x":[0.167,0.167,0.167],"y":[0.167,0.167,0.167]},"t":90.09,"s":[47,47,100]},{"t":118.118118118118,"s":[70,70,100]}],"ix":6}},"ao":0,"shapes":[{"ty":"gr","it":[{"ind":0,"ty":"sh","ix":1,"ks":{"a":0,"k":{"i":[[2.351,-4.826],[7.106,-6.565],[0.409,0.377],[-8.5,-16.5],[-0.125,12.125],[-2.677,0.09],[0,0]],"o":[[-2.375,4.875],[-3.249,3.002],[-6.516,-6.014],[9.75,13.125],[-0.086,-4.21],[5.231,-0.176],[0,0]],"v":[[-76.375,44.875],[-100.626,68.123],[-106.375,69],[-117,83.5],[-99.5,78],[-71.106,61.301],[-61.875,58]],"c":true},"ix":2},"nm":"Path 1","mn":"ADBE Vector Shape - Group","hd":false},{"ty":"st","c":{"a":0,"k":[0,0,0,1],"ix":3},"o":{"a":0,"k":100,"ix":4},"w":{"a":0,"k":0,"ix":5},"lc":1,"lj":1,"ml":4,"bm":0,"nm":"Stroke 1","mn":"ADBE Vector Graphic - Stroke","hd":false},{"ty":"fl","c":{"a":0,"k":[0.917647058824,0.02159169515,0.253512034697,1],"ix":4},"o":{"a":0,"k":100,"ix":5},"r":1,"bm":0,"nm":"Fill 1","mn":"ADBE Vector Graphic - Fill","hd":false},{"ty":"tr","p":{"a":0,"k":[0,0],"ix":2},"a":{"a":0,"k":[0,0],"ix":1},"s":{"a":0,"k":[100,100],"ix":3},"r":{"a":0,"k":0,"ix":6},"o":{"a":0,"k":100,"ix":7},"sk":{"a":0,"k":0,"ix":4},"sa":{"a":0,"k":0,"ix":5},"nm":"Transform"}],"nm":"Shape 1","np":3,"cix":2,"bm":0,"ix":1,"mn":"ADBE Vector Group","hd":false}],"ip":0,"op":186.186186186186,"st":0,"bm":0},{"ddd":0,"ind":27,"ty":4,"nm":"Bar 20","sr":1,"ks":{"o":{"a":0,"k":100,"ix":11},"r":{"a":0,"k":195,"ix":10},"p":{"a":0,"k":[264.888,167.892,0],"ix":2},"a":{"a":0,"k":[-67.862,49.892,0],"ix":1},"s":{"a":1,"k":[{"i":{"x":[0.833,0.833,0.833],"y":[0.833,0.833,0.833]},"o":{"x":[0.167,0.167,0.167],"y":[0.167,0.167,0.167]},"t":0,"s":[58,58,100]},{"i":{"x":[0.833,0.833,0.833],"y":[0.833,0.833,0.833]},"o":{"x":[0.167,0.167,0.167],"y":[0.167,0.167,0.167]},"t":30.03,"s":[51,51,100]},{"i":{"x":[0.833,0.833,0.833],"y":[0.833,0.833,0.833]},"o":{"x":[0.167,0.167,0.167],"y":[0.167,0.167,0.167]},"t":60.06,"s":[69,69,100]},{"i":{"x":[0.833,0.833,0.833],"y":[0.833,0.833,0.833]},"o":{"x":[0.167,0.167,0.167],"y":[0.167,0.167,0.167]},"t":90.09,"s":[47,47,100]},{"t":118.118118118118,"s":[70,70,100]}],"ix":6}},"ao":0,"shapes":[{"ty":"gr","it":[{"ind":0,"ty":"sh","ix":1,"ks":{"a":0,"k":{"i":[[2.351,-4.826],[7.106,-6.565],[0.409,0.377],[-8.5,-16.5],[-0.125,12.125],[-2.677,0.09],[0,0]],"o":[[-2.375,4.875],[-3.249,3.002],[-6.516,-6.014],[9.75,13.125],[-0.086,-4.21],[5.231,-0.176],[0,0]],"v":[[-76.375,44.875],[-100.626,68.123],[-106.375,69],[-117,83.5],[-99.5,78],[-71.106,61.301],[-61.875,58]],"c":true},"ix":2},"nm":"Path 1","mn":"ADBE Vector Shape - Group","hd":false},{"ty":"st","c":{"a":0,"k":[0,0,0,1],"ix":3},"o":{"a":0,"k":100,"ix":4},"w":{"a":0,"k":0,"ix":5},"lc":1,"lj":1,"ml":4,"bm":0,"nm":"Stroke 1","mn":"ADBE Vector Graphic - Stroke","hd":false},{"ty":"fl","c":{"a":0,"k":[0.917647058824,0.02159169515,0.253512034697,1],"ix":4},"o":{"a":0,"k":100,"ix":5},"r":1,"bm":0,"nm":"Fill 1","mn":"ADBE Vector Graphic - Fill","hd":false},{"ty":"tr","p":{"a":0,"k":[0,0],"ix":2},"a":{"a":0,"k":[0,0],"ix":1},"s":{"a":0,"k":[100,100],"ix":3},"r":{"a":0,"k":0,"ix":6},"o":{"a":0,"k":100,"ix":7},"sk":{"a":0,"k":0,"ix":4},"sa":{"a":0,"k":0,"ix":5},"nm":"Transform"}],"nm":"Shape 1","np":3,"cix":2,"bm":0,"ix":1,"mn":"ADBE Vector Group","hd":false}],"ip":0,"op":186.186186186186,"st":0,"bm":0},{"ddd":0,"ind":28,"ty":4,"nm":"Bar 19","sr":1,"ks":{"o":{"a":0,"k":100,"ix":11},"r":{"a":0,"k":161,"ix":10},"p":{"a":0,"k":[239.138,132.892,0],"ix":2},"a":{"a":0,"k":[-67.862,49.892,0],"ix":1},"s":{"a":1,"k":[{"i":{"x":[0.833,0.833,0.833],"y":[0.833,0.833,0.833]},"o":{"x":[0.167,0.167,0.167],"y":[0.167,0.167,0.167]},"t":0,"s":[58,58,100]},{"i":{"x":[0.833,0.833,0.833],"y":[0.833,0.833,0.833]},"o":{"x":[0.167,0.167,0.167],"y":[0.167,0.167,0.167]},"t":30.03,"s":[51,51,100]},{"i":{"x":[0.833,0.833,0.833],"y":[0.833,0.833,0.833]},"o":{"x":[0.167,0.167,0.167],"y":[0.167,0.167,0.167]},"t":60.06,"s":[69,69,100]},{"i":{"x":[0.833,0.833,0.833],"y":[0.833,0.833,0.833]},"o":{"x":[0.167,0.167,0.167],"y":[0.167,0.167,0.167]},"t":90.09,"s":[47,47,100]},{"t":118.118118118118,"s":[70,70,100]}],"ix":6}},"ao":0,"shapes":[{"ty":"gr","it":[{"ind":0,"ty":"sh","ix":1,"ks":{"a":0,"k":{"i":[[2.351,-4.826],[7.106,-6.565],[0.409,0.377],[-8.5,-16.5],[-0.125,12.125],[-2.677,0.09],[0,0]],"o":[[-2.375,4.875],[-3.249,3.002],[-6.516,-6.014],[9.75,13.125],[-0.086,-4.21],[5.231,-0.176],[0,0]],"v":[[-76.375,44.875],[-100.626,68.123],[-106.375,69],[-117,83.5],[-99.5,78],[-71.106,61.301],[-61.875,58]],"c":true},"ix":2},"nm":"Path 1","mn":"ADBE Vector Shape - Group","hd":false},{"ty":"st","c":{"a":0,"k":[0,0,0,1],"ix":3},"o":{"a":0,"k":100,"ix":4},"w":{"a":0,"k":0,"ix":5},"lc":1,"lj":1,"ml":4,"bm":0,"nm":"Stroke 1","mn":"ADBE Vector Graphic - Stroke","hd":false},{"ty":"fl","c":{"a":0,"k":[0.917647058824,0.02159169515,0.253512034697,1],"ix":4},"o":{"a":0,"k":100,"ix":5},"r":1,"bm":0,"nm":"Fill 1","mn":"ADBE Vector Graphic - Fill","hd":false},{"ty":"tr","p":{"a":0,"k":[0,0],"ix":2},"a":{"a":0,"k":[0,0],"ix":1},"s":{"a":0,"k":[100,100],"ix":3},"r":{"a":0,"k":0,"ix":6},"o":{"a":0,"k":100,"ix":7},"sk":{"a":0,"k":0,"ix":4},"sa":{"a":0,"k":0,"ix":5},"nm":"Transform"}],"nm":"Shape 1","np":3,"cix":2,"bm":0,"ix":1,"mn":"ADBE Vector Group","hd":false}],"ip":0,"op":186.186186186186,"st":0,"bm":0},{"ddd":0,"ind":29,"ty":4,"nm":"Bar 18","sr":1,"ks":{"o":{"a":0,"k":100,"ix":11},"r":{"a":0,"k":130,"ix":10},"p":{"a":0,"k":[197.638,113.892,0],"ix":2},"a":{"a":0,"k":[-67.862,49.892,0],"ix":1},"s":{"a":1,"k":[{"i":{"x":[0.833,0.833,0.833],"y":[0.833,0.833,0.833]},"o":{"x":[0.167,0.167,0.167],"y":[0.167,0.167,0.167]},"t":0,"s":[58,58,100]},{"i":{"x":[0.833,0.833,0.833],"y":[0.833,0.833,0.833]},"o":{"x":[0.167,0.167,0.167],"y":[0.167,0.167,0.167]},"t":30.03,"s":[51,51,100]},{"i":{"x":[0.833,0.833,0.833],"y":[0.833,0.833,0.833]},"o":{"x":[0.167,0.167,0.167],"y":[0.167,0.167,0.167]},"t":60.06,"s":[69,69,100]},{"i":{"x":[0.833,0.833,0.833],"y":[0.833,0.833,0.833]},"o":{"x":[0.167,0.167,0.167],"y":[0.167,0.167,0.167]},"t":90.09,"s":[47,47,100]},{"t":118.118118118118,"s":[70,70,100]}],"ix":6}},"ao":0,"shapes":[{"ty":"gr","it":[{"ind":0,"ty":"sh","ix":1,"ks":{"a":0,"k":{"i":[[2.351,-4.826],[7.106,-6.565],[0.409,0.377],[-8.5,-16.5],[-0.125,12.125],[-2.677,0.09],[0,0]],"o":[[-2.375,4.875],[-3.249,3.002],[-6.516,-6.014],[9.75,13.125],[-0.086,-4.21],[5.231,-0.176],[0,0]],"v":[[-76.375,44.875],[-100.626,68.123],[-106.375,69],[-117,83.5],[-99.5,78],[-71.106,61.301],[-61.875,58]],"c":true},"ix":2},"nm":"Path 1","mn":"ADBE Vector Shape - Group","hd":false},{"ty":"st","c":{"a":0,"k":[0,0,0,1],"ix":3},"o":{"a":0,"k":100,"ix":4},"w":{"a":0,"k":0,"ix":5},"lc":1,"lj":1,"ml":4,"bm":0,"nm":"Stroke 1","mn":"ADBE Vector Graphic - Stroke","hd":false},{"ty":"fl","c":{"a":0,"k":[0.917647058824,0.02159169515,0.253512034697,1],"ix":4},"o":{"a":0,"k":100,"ix":5},"r":1,"bm":0,"nm":"Fill 1","mn":"ADBE Vector Graphic - Fill","hd":false},{"ty":"tr","p":{"a":0,"k":[0,0],"ix":2},"a":{"a":0,"k":[0,0],"ix":1},"s":{"a":0,"k":[100,100],"ix":3},"r":{"a":0,"k":0,"ix":6},"o":{"a":0,"k":100,"ix":7},"sk":{"a":0,"k":0,"ix":4},"sa":{"a":0,"k":0,"ix":5},"nm":"Transform"}],"nm":"Shape 1","np":3,"cix":2,"bm":0,"ix":1,"mn":"ADBE Vector Group","hd":false}],"ip":0,"op":186.186186186186,"st":0,"bm":0},{"ddd":0,"ind":30,"ty":4,"nm":"Bar 17","sr":1,"ks":{"o":{"a":0,"k":100,"ix":11},"r":{"a":0,"k":104,"ix":10},"p":{"a":0,"k":[151.138,116.392,0],"ix":2},"a":{"a":0,"k":[-67.862,49.892,0],"ix":1},"s":{"a":1,"k":[{"i":{"x":[0.833,0.833,0.833],"y":[0.833,0.833,0.833]},"o":{"x":[0.167,0.167,0.167],"y":[0.167,0.167,0.167]},"t":0,"s":[58,58,100]},{"i":{"x":[0.833,0.833,0.833],"y":[0.833,0.833,0.833]},"o":{"x":[0.167,0.167,0.167],"y":[0.167,0.167,0.167]},"t":30.03,"s":[51,51,100]},{"i":{"x":[0.833,0.833,0.833],"y":[0.833,0.833,0.833]},"o":{"x":[0.167,0.167,0.167],"y":[0.167,0.167,0.167]},"t":60.06,"s":[69,69,100]},{"i":{"x":[0.833,0.833,0.833],"y":[0.833,0.833,0.833]},"o":{"x":[0.167,0.167,0.167],"y":[0.167,0.167,0.167]},"t":90.09,"s":[47,47,100]},{"t":118.118118118118,"s":[70,70,100]}],"ix":6}},"ao":0,"shapes":[{"ty":"gr","it":[{"ind":0,"ty":"sh","ix":1,"ks":{"a":0,"k":{"i":[[2.351,-4.826],[7.106,-6.565],[0.409,0.377],[-8.5,-16.5],[-0.125,12.125],[-2.677,0.09],[0,0]],"o":[[-2.375,4.875],[-3.249,3.002],[-6.516,-6.014],[9.75,13.125],[-0.086,-4.21],[5.231,-0.176],[0,0]],"v":[[-76.375,44.875],[-100.626,68.123],[-106.375,69],[-117,83.5],[-99.5,78],[-71.106,61.301],[-61.875,58]],"c":true},"ix":2},"nm":"Path 1","mn":"ADBE Vector Shape - Group","hd":false},{"ty":"st","c":{"a":0,"k":[0,0,0,1],"ix":3},"o":{"a":0,"k":100,"ix":4},"w":{"a":0,"k":0,"ix":5},"lc":1,"lj":1,"ml":4,"bm":0,"nm":"Stroke 1","mn":"ADBE Vector Graphic - Stroke","hd":false},{"ty":"fl","c":{"a":0,"k":[0.917647058824,0.02159169515,0.253512034697,1],"ix":4},"o":{"a":0,"k":100,"ix":5},"r":1,"bm":0,"nm":"Fill 1","mn":"ADBE Vector Graphic - Fill","hd":false},{"ty":"tr","p":{"a":0,"k":[0,0],"ix":2},"a":{"a":0,"k":[0,0],"ix":1},"s":{"a":0,"k":[100,100],"ix":3},"r":{"a":0,"k":0,"ix":6},"o":{"a":0,"k":100,"ix":7},"sk":{"a":0,"k":0,"ix":4},"sa":{"a":0,"k":0,"ix":5},"nm":"Transform"}],"nm":"Shape 1","np":3,"cix":2,"bm":0,"ix":1,"mn":"ADBE Vector Group","hd":false}],"ip":0,"op":186.186186186186,"st":0,"bm":0},{"ddd":0,"ind":31,"ty":4,"nm":"Bar 16","sr":1,"ks":{"o":{"a":0,"k":100,"ix":11},"r":{"a":0,"k":72,"ix":10},"p":{"a":0,"k":[115.388,142.142,0],"ix":2},"a":{"a":0,"k":[-67.862,49.892,0],"ix":1},"s":{"a":1,"k":[{"i":{"x":[0.833,0.833,0.833],"y":[0.833,0.833,0.833]},"o":{"x":[0.167,0.167,0.167],"y":[0.167,0.167,0.167]},"t":0,"s":[58,58,100]},{"i":{"x":[0.833,0.833,0.833],"y":[0.833,0.833,0.833]},"o":{"x":[0.167,0.167,0.167],"y":[0.167,0.167,0.167]},"t":30.03,"s":[51,51,100]},{"i":{"x":[0.833,0.833,0.833],"y":[0.833,0.833,0.833]},"o":{"x":[0.167,0.167,0.167],"y":[0.167,0.167,0.167]},"t":60.06,"s":[69,69,100]},{"i":{"x":[0.833,0.833,0.833],"y":[0.833,0.833,0.833]},"o":{"x":[0.167,0.167,0.167],"y":[0.167,0.167,0.167]},"t":90.09,"s":[47,47,100]},{"t":118.118118118118,"s":[70,70,100]}],"ix":6}},"ao":0,"shapes":[{"ty":"gr","it":[{"ind":0,"ty":"sh","ix":1,"ks":{"a":0,"k":{"i":[[2.351,-4.826],[7.106,-6.565],[0.409,0.377],[-8.5,-16.5],[-0.125,12.125],[-2.677,0.09],[0,0]],"o":[[-2.375,4.875],[-3.249,3.002],[-6.516,-6.014],[9.75,13.125],[-0.086,-4.21],[5.231,-0.176],[0,0]],"v":[[-76.375,44.875],[-100.626,68.123],[-106.375,69],[-117,83.5],[-99.5,78],[-71.106,61.301],[-61.875,58]],"c":true},"ix":2},"nm":"Path 1","mn":"ADBE Vector Shape - Group","hd":false},{"ty":"st","c":{"a":0,"k":[0,0,0,1],"ix":3},"o":{"a":0,"k":100,"ix":4},"w":{"a":0,"k":0,"ix":5},"lc":1,"lj":1,"ml":4,"bm":0,"nm":"Stroke 1","mn":"ADBE Vector Graphic - Stroke","hd":false},{"ty":"fl","c":{"a":0,"k":[0.917647058824,0.02159169515,0.253512034697,1],"ix":4},"o":{"a":0,"k":100,"ix":5},"r":1,"bm":0,"nm":"Fill 1","mn":"ADBE Vector Graphic - Fill","hd":false},{"ty":"tr","p":{"a":0,"k":[0,0],"ix":2},"a":{"a":0,"k":[0,0],"ix":1},"s":{"a":0,"k":[100,100],"ix":3},"r":{"a":0,"k":0,"ix":6},"o":{"a":0,"k":100,"ix":7},"sk":{"a":0,"k":0,"ix":4},"sa":{"a":0,"k":0,"ix":5},"nm":"Transform"}],"nm":"Shape 1","np":3,"cix":2,"bm":0,"ix":1,"mn":"ADBE Vector Group","hd":false}],"ip":0,"op":186.186186186186,"st":0,"bm":0},{"ddd":0,"ind":32,"ty":4,"nm":"Bar 15","sr":1,"ks":{"o":{"a":0,"k":100,"ix":11},"r":{"a":0,"k":39,"ix":10},"p":{"a":0,"k":[94.388,182.392,0],"ix":2},"a":{"a":0,"k":[-67.862,49.892,0],"ix":1},"s":{"a":1,"k":[{"i":{"x":[0.833,0.833,0.833],"y":[0.833,0.833,0.833]},"o":{"x":[0.167,0.167,0.167],"y":[0.167,0.167,0.167]},"t":0,"s":[58,58,100]},{"i":{"x":[0.833,0.833,0.833],"y":[0.833,0.833,0.833]},"o":{"x":[0.167,0.167,0.167],"y":[0.167,0.167,0.167]},"t":30.03,"s":[51,51,100]},{"i":{"x":[0.833,0.833,0.833],"y":[0.833,0.833,0.833]},"o":{"x":[0.167,0.167,0.167],"y":[0.167,0.167,0.167]},"t":60.06,"s":[69,69,100]},{"i":{"x":[0.833,0.833,0.833],"y":[0.833,0.833,0.833]},"o":{"x":[0.167,0.167,0.167],"y":[0.167,0.167,0.167]},"t":90.09,"s":[47,47,100]},{"t":118.118118118118,"s":[70,70,100]}],"ix":6}},"ao":0,"shapes":[{"ty":"gr","it":[{"ind":0,"ty":"sh","ix":1,"ks":{"a":0,"k":{"i":[[2.351,-4.826],[7.106,-6.565],[0.409,0.377],[-8.5,-16.5],[-0.125,12.125],[-2.677,0.09],[0,0]],"o":[[-2.375,4.875],[-3.249,3.002],[-6.516,-6.014],[9.75,13.125],[-0.086,-4.21],[5.231,-0.176],[0,0]],"v":[[-76.375,44.875],[-100.626,68.123],[-106.375,69],[-117,83.5],[-99.5,78],[-71.106,61.301],[-61.875,58]],"c":true},"ix":2},"nm":"Path 1","mn":"ADBE Vector Shape - Group","hd":false},{"ty":"st","c":{"a":0,"k":[0,0,0,1],"ix":3},"o":{"a":0,"k":100,"ix":4},"w":{"a":0,"k":0,"ix":5},"lc":1,"lj":1,"ml":4,"bm":0,"nm":"Stroke 1","mn":"ADBE Vector Graphic - Stroke","hd":false},{"ty":"fl","c":{"a":0,"k":[0.917647058824,0.02159169515,0.253512034697,1],"ix":4},"o":{"a":0,"k":100,"ix":5},"r":1,"bm":0,"nm":"Fill 1","mn":"ADBE Vector Graphic - Fill","hd":false},{"ty":"tr","p":{"a":0,"k":[0,0],"ix":2},"a":{"a":0,"k":[0,0],"ix":1},"s":{"a":0,"k":[100,100],"ix":3},"r":{"a":0,"k":0,"ix":6},"o":{"a":0,"k":100,"ix":7},"sk":{"a":0,"k":0,"ix":4},"sa":{"a":0,"k":0,"ix":5},"nm":"Transform"}],"nm":"Shape 1","np":3,"cix":2,"bm":0,"ix":1,"mn":"ADBE Vector Group","hd":false}],"ip":0,"op":186.186186186186,"st":0,"bm":0},{"ddd":0,"ind":33,"ty":4,"nm":"Bar 14","sr":1,"ks":{"o":{"a":0,"k":100,"ix":11},"r":{"a":0,"k":16,"ix":10},"p":{"a":0,"k":[98.888,229.642,0],"ix":2},"a":{"a":0,"k":[-67.862,49.892,0],"ix":1},"s":{"a":1,"k":[{"i":{"x":[0.833,0.833,0.833],"y":[0.833,0.833,0.833]},"o":{"x":[0.167,0.167,0.167],"y":[0.167,0.167,0.167]},"t":0,"s":[58,58,100]},{"i":{"x":[0.833,0.833,0.833],"y":[0.833,0.833,0.833]},"o":{"x":[0.167,0.167,0.167],"y":[0.167,0.167,0.167]},"t":30.03,"s":[51,51,100]},{"i":{"x":[0.833,0.833,0.833],"y":[0.833,0.833,0.833]},"o":{"x":[0.167,0.167,0.167],"y":[0.167,0.167,0.167]},"t":60.06,"s":[69,69,100]},{"i":{"x":[0.833,0.833,0.833],"y":[0.833,0.833,0.833]},"o":{"x":[0.167,0.167,0.167],"y":[0.167,0.167,0.167]},"t":90.09,"s":[47,47,100]},{"t":118.118118118118,"s":[70,70,100]}],"ix":6}},"ao":0,"shapes":[{"ty":"gr","it":[{"ind":0,"ty":"sh","ix":1,"ks":{"a":0,"k":{"i":[[2.351,-4.826],[7.106,-6.565],[0.409,0.377],[-8.5,-16.5],[-0.125,12.125],[-2.677,0.09],[0,0]],"o":[[-2.375,4.875],[-3.249,3.002],[-6.516,-6.014],[9.75,13.125],[-0.086,-4.21],[5.231,-0.176],[0,0]],"v":[[-76.375,44.875],[-100.626,68.123],[-106.375,69],[-117,83.5],[-99.5,78],[-71.106,61.301],[-61.875,58]],"c":true},"ix":2},"nm":"Path 1","mn":"ADBE Vector Shape - Group","hd":false},{"ty":"st","c":{"a":0,"k":[0,0,0,1],"ix":3},"o":{"a":0,"k":100,"ix":4},"w":{"a":0,"k":0,"ix":5},"lc":1,"lj":1,"ml":4,"bm":0,"nm":"Stroke 1","mn":"ADBE Vector Graphic - Stroke","hd":false},{"ty":"fl","c":{"a":0,"k":[0.917647058824,0.02159169515,0.253512034697,1],"ix":4},"o":{"a":0,"k":100,"ix":5},"r":1,"bm":0,"nm":"Fill 1","mn":"ADBE Vector Graphic - Fill","hd":false},{"ty":"tr","p":{"a":0,"k":[0,0],"ix":2},"a":{"a":0,"k":[0,0],"ix":1},"s":{"a":0,"k":[100,100],"ix":3},"r":{"a":0,"k":0,"ix":6},"o":{"a":0,"k":100,"ix":7},"sk":{"a":0,"k":0,"ix":4},"sa":{"a":0,"k":0,"ix":5},"nm":"Transform"}],"nm":"Shape 1","np":3,"cix":2,"bm":0,"ix":1,"mn":"ADBE Vector Group","hd":false}],"ip":0,"op":186.186186186186,"st":0,"bm":0},{"ddd":0,"ind":34,"ty":4,"nm":"Bar 13","sr":1,"ks":{"o":{"a":0,"k":100,"ix":11},"r":{"a":0,"k":339,"ix":10},"p":{"a":0,"k":[123.638,263.392,0],"ix":2},"a":{"a":0,"k":[-67.862,49.892,0],"ix":1},"s":{"a":1,"k":[{"i":{"x":[0.833,0.833,0.833],"y":[0.833,0.833,0.833]},"o":{"x":[0.167,0.167,0.167],"y":[0.167,0.167,0.167]},"t":0,"s":[58,58,100]},{"i":{"x":[0.833,0.833,0.833],"y":[0.833,0.833,0.833]},"o":{"x":[0.167,0.167,0.167],"y":[0.167,0.167,0.167]},"t":30.03,"s":[51,51,100]},{"i":{"x":[0.833,0.833,0.833],"y":[0.833,0.833,0.833]},"o":{"x":[0.167,0.167,0.167],"y":[0.167,0.167,0.167]},"t":60.06,"s":[69,69,100]},{"i":{"x":[0.833,0.833,0.833],"y":[0.833,0.833,0.833]},"o":{"x":[0.167,0.167,0.167],"y":[0.167,0.167,0.167]},"t":90.09,"s":[47,47,100]},{"t":118.118118118118,"s":[70,70,100]}],"ix":6}},"ao":0,"shapes":[{"ty":"gr","it":[{"ind":0,"ty":"sh","ix":1,"ks":{"a":0,"k":{"i":[[2.351,-4.826],[7.106,-6.565],[0.409,0.377],[-8.5,-16.5],[-0.125,12.125],[-2.677,0.09],[0,0]],"o":[[-2.375,4.875],[-3.249,3.002],[-6.516,-6.014],[9.75,13.125],[-0.086,-4.21],[5.231,-0.176],[0,0]],"v":[[-76.375,44.875],[-100.626,68.123],[-106.375,69],[-117,83.5],[-99.5,78],[-71.106,61.301],[-61.875,58]],"c":true},"ix":2},"nm":"Path 1","mn":"ADBE Vector Shape - Group","hd":false},{"ty":"st","c":{"a":0,"k":[0,0,0,1],"ix":3},"o":{"a":0,"k":100,"ix":4},"w":{"a":0,"k":0,"ix":5},"lc":1,"lj":1,"ml":4,"bm":0,"nm":"Stroke 1","mn":"ADBE Vector Graphic - Stroke","hd":false},{"ty":"fl","c":{"a":0,"k":[0.917647058824,0.02159169515,0.253512034697,1],"ix":4},"o":{"a":0,"k":100,"ix":5},"r":1,"bm":0,"nm":"Fill 1","mn":"ADBE Vector Graphic - Fill","hd":false},{"ty":"tr","p":{"a":0,"k":[0,0],"ix":2},"a":{"a":0,"k":[0,0],"ix":1},"s":{"a":0,"k":[100,100],"ix":3},"r":{"a":0,"k":0,"ix":6},"o":{"a":0,"k":100,"ix":7},"sk":{"a":0,"k":0,"ix":4},"sa":{"a":0,"k":0,"ix":5},"nm":"Transform"}],"nm":"Shape 1","np":3,"cix":2,"bm":0,"ix":1,"mn":"ADBE Vector Group","hd":false}],"ip":0,"op":186.186186186186,"st":0,"bm":0},{"ddd":0,"ind":35,"ty":4,"nm":"Bar 12","sr":1,"ks":{"o":{"a":0,"k":100,"ix":11},"r":{"a":0,"k":327,"ix":10},"p":{"a":0,"k":[143.138,274.392,0],"ix":2},"a":{"a":0,"k":[-67.862,49.892,0],"ix":1},"s":{"a":1,"k":[{"i":{"x":[0.833,0.833,0.833],"y":[0.833,0.833,0.833]},"o":{"x":[0.167,0.167,0.167],"y":[0.167,0.167,0.167]},"t":0,"s":[100,100,100]},{"i":{"x":[0.833,0.833,0.833],"y":[0.833,0.833,0.833]},"o":{"x":[0.167,0.167,0.167],"y":[0.167,0.167,0.167]},"t":30.03,"s":[93,93,100]},{"i":{"x":[0.833,0.833,0.833],"y":[0.833,0.833,0.833]},"o":{"x":[0.167,0.167,0.167],"y":[0.167,0.167,0.167]},"t":60.06,"s":[111,111,100]},{"i":{"x":[0.833,0.833,0.833],"y":[0.833,0.833,0.833]},"o":{"x":[0.167,0.167,0.167],"y":[0.167,0.167,0.167]},"t":90.09,"s":[89,89,100]},{"t":118.118118118118,"s":[112,112,100]}],"ix":6}},"ao":0,"shapes":[{"ty":"gr","it":[{"ind":0,"ty":"sh","ix":1,"ks":{"a":0,"k":{"i":[[2.351,-4.826],[7.106,-6.565],[0.409,0.377],[-8.5,-16.5],[-0.125,12.125],[-2.677,0.09],[0,0]],"o":[[-2.375,4.875],[-3.249,3.002],[-6.516,-6.014],[9.75,13.125],[-0.086,-4.21],[5.231,-0.176],[0,0]],"v":[[-76.375,44.875],[-100.626,68.123],[-106.375,69],[-117,83.5],[-99.5,78],[-71.106,61.301],[-61.875,58]],"c":true},"ix":2},"nm":"Path 1","mn":"ADBE Vector Shape - Group","hd":false},{"ty":"st","c":{"a":0,"k":[0,0,0,1],"ix":3},"o":{"a":0,"k":100,"ix":4},"w":{"a":0,"k":0,"ix":5},"lc":1,"lj":1,"ml":4,"bm":0,"nm":"Stroke 1","mn":"ADBE Vector Graphic - Stroke","hd":false},{"ty":"fl","c":{"a":0,"k":[0.917647058824,0.02159169515,0.253512034697,1],"ix":4},"o":{"a":0,"k":100,"ix":5},"r":1,"bm":0,"nm":"Fill 1","mn":"ADBE Vector Graphic - Fill","hd":false},{"ty":"tr","p":{"a":0,"k":[0,0],"ix":2},"a":{"a":0,"k":[0,0],"ix":1},"s":{"a":0,"k":[100,100],"ix":3},"r":{"a":0,"k":0,"ix":6},"o":{"a":0,"k":100,"ix":7},"sk":{"a":0,"k":0,"ix":4},"sa":{"a":0,"k":0,"ix":5},"nm":"Transform"}],"nm":"Shape 1","np":3,"cix":2,"bm":0,"ix":1,"mn":"ADBE Vector Group","hd":false}],"ip":0,"op":186.186186186186,"st":0,"bm":0},{"ddd":0,"ind":36,"ty":4,"nm":"Bar 11","sr":1,"ks":{"o":{"a":0,"k":100,"ix":11},"r":{"a":0,"k":297,"ix":10},"p":{"a":0,"k":[188.138,282.892,0],"ix":2},"a":{"a":0,"k":[-67.862,49.892,0],"ix":1},"s":{"a":1,"k":[{"i":{"x":[0.833,0.833,0.833],"y":[0.833,0.833,0.833]},"o":{"x":[0.167,0.167,0.167],"y":[0.167,0.167,0.167]},"t":0,"s":[100,100,100]},{"i":{"x":[0.833,0.833,0.833],"y":[0.833,0.833,0.833]},"o":{"x":[0.167,0.167,0.167],"y":[0.167,0.167,0.167]},"t":30.03,"s":[93,93,100]},{"i":{"x":[0.833,0.833,0.833],"y":[0.833,0.833,0.833]},"o":{"x":[0.167,0.167,0.167],"y":[0.167,0.167,0.167]},"t":60.06,"s":[111,111,100]},{"i":{"x":[0.833,0.833,0.833],"y":[0.833,0.833,0.833]},"o":{"x":[0.167,0.167,0.167],"y":[0.167,0.167,0.167]},"t":90.09,"s":[89,89,100]},{"t":118.118118118118,"s":[112,112,100]}],"ix":6}},"ao":0,"shapes":[{"ty":"gr","it":[{"ind":0,"ty":"sh","ix":1,"ks":{"a":0,"k":{"i":[[2.351,-4.826],[7.106,-6.565],[0.409,0.377],[-8.5,-16.5],[-0.125,12.125],[-2.677,0.09],[0,0]],"o":[[-2.375,4.875],[-3.249,3.002],[-6.516,-6.014],[9.75,13.125],[-0.086,-4.21],[5.231,-0.176],[0,0]],"v":[[-76.375,44.875],[-100.626,68.123],[-106.375,69],[-117,83.5],[-99.5,78],[-71.106,61.301],[-61.875,58]],"c":true},"ix":2},"nm":"Path 1","mn":"ADBE Vector Shape - Group","hd":false},{"ty":"st","c":{"a":0,"k":[0,0,0,1],"ix":3},"o":{"a":0,"k":100,"ix":4},"w":{"a":0,"k":0,"ix":5},"lc":1,"lj":1,"ml":4,"bm":0,"nm":"Stroke 1","mn":"ADBE Vector Graphic - Stroke","hd":false},{"ty":"fl","c":{"a":0,"k":[0.917647058824,0.02159169515,0.253512034697,1],"ix":4},"o":{"a":0,"k":100,"ix":5},"r":1,"bm":0,"nm":"Fill 1","mn":"ADBE Vector Graphic - Fill","hd":false},{"ty":"tr","p":{"a":0,"k":[0,0],"ix":2},"a":{"a":0,"k":[0,0],"ix":1},"s":{"a":0,"k":[100,100],"ix":3},"r":{"a":0,"k":0,"ix":6},"o":{"a":0,"k":100,"ix":7},"sk":{"a":0,"k":0,"ix":4},"sa":{"a":0,"k":0,"ix":5},"nm":"Transform"}],"nm":"Shape 1","np":3,"cix":2,"bm":0,"ix":1,"mn":"ADBE Vector Group","hd":false}],"ip":0,"op":186.186186186186,"st":0,"bm":0},{"ddd":0,"ind":37,"ty":4,"nm":"Bar 10","sr":1,"ks":{"o":{"a":0,"k":100,"ix":11},"r":{"a":0,"k":266,"ix":10},"p":{"a":0,"k":[229.638,270.392,0],"ix":2},"a":{"a":0,"k":[-67.862,49.892,0],"ix":1},"s":{"a":1,"k":[{"i":{"x":[0.833,0.833,0.833],"y":[0.833,0.833,0.833]},"o":{"x":[0.167,0.167,0.167],"y":[0.167,0.167,0.167]},"t":0,"s":[100,100,100]},{"i":{"x":[0.833,0.833,0.833],"y":[0.833,0.833,0.833]},"o":{"x":[0.167,0.167,0.167],"y":[0.167,0.167,0.167]},"t":30.03,"s":[93,93,100]},{"i":{"x":[0.833,0.833,0.833],"y":[0.833,0.833,0.833]},"o":{"x":[0.167,0.167,0.167],"y":[0.167,0.167,0.167]},"t":60.06,"s":[111,111,100]},{"i":{"x":[0.833,0.833,0.833],"y":[0.833,0.833,0.833]},"o":{"x":[0.167,0.167,0.167],"y":[0.167,0.167,0.167]},"t":90.09,"s":[89,89,100]},{"t":118.118118118118,"s":[112,112,100]}],"ix":6}},"ao":0,"shapes":[{"ty":"gr","it":[{"ind":0,"ty":"sh","ix":1,"ks":{"a":0,"k":{"i":[[2.351,-4.826],[7.106,-6.565],[0.409,0.377],[-8.5,-16.5],[-0.125,12.125],[-2.677,0.09],[0,0]],"o":[[-2.375,4.875],[-3.249,3.002],[-6.516,-6.014],[9.75,13.125],[-0.086,-4.21],[5.231,-0.176],[0,0]],"v":[[-76.375,44.875],[-100.626,68.123],[-106.375,69],[-117,83.5],[-99.5,78],[-71.106,61.301],[-61.875,58]],"c":true},"ix":2},"nm":"Path 1","mn":"ADBE Vector Shape - Group","hd":false},{"ty":"st","c":{"a":0,"k":[0,0,0,1],"ix":3},"o":{"a":0,"k":100,"ix":4},"w":{"a":0,"k":0,"ix":5},"lc":1,"lj":1,"ml":4,"bm":0,"nm":"Stroke 1","mn":"ADBE Vector Graphic - Stroke","hd":false},{"ty":"fl","c":{"a":0,"k":[0.917647058824,0.02159169515,0.253512034697,1],"ix":4},"o":{"a":0,"k":100,"ix":5},"r":1,"bm":0,"nm":"Fill 1","mn":"ADBE Vector Graphic - Fill","hd":false},{"ty":"tr","p":{"a":0,"k":[0,0],"ix":2},"a":{"a":0,"k":[0,0],"ix":1},"s":{"a":0,"k":[100,100],"ix":3},"r":{"a":0,"k":0,"ix":6},"o":{"a":0,"k":100,"ix":7},"sk":{"a":0,"k":0,"ix":4},"sa":{"a":0,"k":0,"ix":5},"nm":"Transform"}],"nm":"Shape 1","np":3,"cix":2,"bm":0,"ix":1,"mn":"ADBE Vector Group","hd":false}],"ip":0,"op":186.186186186186,"st":0,"bm":0},{"ddd":0,"ind":38,"ty":4,"nm":"Bar 9","sr":1,"ks":{"o":{"a":0,"k":100,"ix":11},"r":{"a":0,"k":235,"ix":10},"p":{"a":0,"k":[257.138,236.392,0],"ix":2},"a":{"a":0,"k":[-67.862,49.892,0],"ix":1},"s":{"a":1,"k":[{"i":{"x":[0.833,0.833,0.833],"y":[0.833,0.833,0.833]},"o":{"x":[0.167,0.167,0.167],"y":[0.167,0.167,0.167]},"t":0,"s":[100,100,100]},{"i":{"x":[0.833,0.833,0.833],"y":[0.833,0.833,0.833]},"o":{"x":[0.167,0.167,0.167],"y":[0.167,0.167,0.167]},"t":30.03,"s":[93,93,100]},{"i":{"x":[0.833,0.833,0.833],"y":[0.833,0.833,0.833]},"o":{"x":[0.167,0.167,0.167],"y":[0.167,0.167,0.167]},"t":60.06,"s":[111,111,100]},{"i":{"x":[0.833,0.833,0.833],"y":[0.833,0.833,0.833]},"o":{"x":[0.167,0.167,0.167],"y":[0.167,0.167,0.167]},"t":90.09,"s":[89,89,100]},{"t":118.118118118118,"s":[112,112,100]}],"ix":6}},"ao":0,"shapes":[{"ty":"gr","it":[{"ind":0,"ty":"sh","ix":1,"ks":{"a":0,"k":{"i":[[2.351,-4.826],[7.106,-6.565],[0.409,0.377],[-8.5,-16.5],[-0.125,12.125],[-2.677,0.09],[0,0]],"o":[[-2.375,4.875],[-3.249,3.002],[-6.516,-6.014],[9.75,13.125],[-0.086,-4.21],[5.231,-0.176],[0,0]],"v":[[-76.375,44.875],[-100.626,68.123],[-106.375,69],[-117,83.5],[-99.5,78],[-71.106,61.301],[-61.875,58]],"c":true},"ix":2},"nm":"Path 1","mn":"ADBE Vector Shape - Group","hd":false},{"ty":"st","c":{"a":0,"k":[0,0,0,1],"ix":3},"o":{"a":0,"k":100,"ix":4},"w":{"a":0,"k":0,"ix":5},"lc":1,"lj":1,"ml":4,"bm":0,"nm":"Stroke 1","mn":"ADBE Vector Graphic - Stroke","hd":false},{"ty":"fl","c":{"a":0,"k":[0.917647058824,0.02159169515,0.253512034697,1],"ix":4},"o":{"a":0,"k":100,"ix":5},"r":1,"bm":0,"nm":"Fill 1","mn":"ADBE Vector Graphic - Fill","hd":false},{"ty":"tr","p":{"a":0,"k":[0,0],"ix":2},"a":{"a":0,"k":[0,0],"ix":1},"s":{"a":0,"k":[100,100],"ix":3},"r":{"a":0,"k":0,"ix":6},"o":{"a":0,"k":100,"ix":7},"sk":{"a":0,"k":0,"ix":4},"sa":{"a":0,"k":0,"ix":5},"nm":"Transform"}],"nm":"Shape 1","np":3,"cix":2,"bm":0,"ix":1,"mn":"ADBE Vector Group","hd":false}],"ip":0,"op":186.186186186186,"st":0,"bm":0},{"ddd":0,"ind":39,"ty":4,"nm":"Bar 8","sr":1,"ks":{"o":{"a":0,"k":100,"ix":11},"r":{"a":0,"k":211,"ix":10},"p":{"a":0,"k":[265.638,190.892,0],"ix":2},"a":{"a":0,"k":[-67.862,49.892,0],"ix":1},"s":{"a":1,"k":[{"i":{"x":[0.833,0.833,0.833],"y":[0.833,0.833,0.833]},"o":{"x":[0.167,0.167,0.167],"y":[0.167,0.167,0.167]},"t":0,"s":[100,100,100]},{"i":{"x":[0.833,0.833,0.833],"y":[0.833,0.833,0.833]},"o":{"x":[0.167,0.167,0.167],"y":[0.167,0.167,0.167]},"t":30.03,"s":[93,93,100]},{"i":{"x":[0.833,0.833,0.833],"y":[0.833,0.833,0.833]},"o":{"x":[0.167,0.167,0.167],"y":[0.167,0.167,0.167]},"t":60.06,"s":[111,111,100]},{"i":{"x":[0.833,0.833,0.833],"y":[0.833,0.833,0.833]},"o":{"x":[0.167,0.167,0.167],"y":[0.167,0.167,0.167]},"t":90.09,"s":[89,89,100]},{"t":118.118118118118,"s":[112,112,100]}],"ix":6}},"ao":0,"shapes":[{"ty":"gr","it":[{"ind":0,"ty":"sh","ix":1,"ks":{"a":0,"k":{"i":[[2.351,-4.826],[7.106,-6.565],[0.409,0.377],[-8.5,-16.5],[-0.125,12.125],[-2.677,0.09],[0,0]],"o":[[-2.375,4.875],[-3.249,3.002],[-6.516,-6.014],[9.75,13.125],[-0.086,-4.21],[5.231,-0.176],[0,0]],"v":[[-76.375,44.875],[-100.626,68.123],[-106.375,69],[-117,83.5],[-99.5,78],[-71.106,61.301],[-61.875,58]],"c":true},"ix":2},"nm":"Path 1","mn":"ADBE Vector Shape - Group","hd":false},{"ty":"st","c":{"a":0,"k":[0,0,0,1],"ix":3},"o":{"a":0,"k":100,"ix":4},"w":{"a":0,"k":0,"ix":5},"lc":1,"lj":1,"ml":4,"bm":0,"nm":"Stroke 1","mn":"ADBE Vector Graphic - Stroke","hd":false},{"ty":"fl","c":{"a":0,"k":[0.917647058824,0.02159169515,0.253512034697,1],"ix":4},"o":{"a":0,"k":100,"ix":5},"r":1,"bm":0,"nm":"Fill 1","mn":"ADBE Vector Graphic - Fill","hd":false},{"ty":"tr","p":{"a":0,"k":[0,0],"ix":2},"a":{"a":0,"k":[0,0],"ix":1},"s":{"a":0,"k":[100,100],"ix":3},"r":{"a":0,"k":0,"ix":6},"o":{"a":0,"k":100,"ix":7},"sk":{"a":0,"k":0,"ix":4},"sa":{"a":0,"k":0,"ix":5},"nm":"Transform"}],"nm":"Shape 1","np":3,"cix":2,"bm":0,"ix":1,"mn":"ADBE Vector Group","hd":false}],"ip":0,"op":186.186186186186,"st":0,"bm":0},{"ddd":0,"ind":40,"ty":4,"nm":"Bar 7","sr":1,"ks":{"o":{"a":0,"k":100,"ix":11},"r":{"a":0,"k":179,"ix":10},"p":{"a":0,"k":[252.138,148.892,0],"ix":2},"a":{"a":0,"k":[-67.862,49.892,0],"ix":1},"s":{"a":1,"k":[{"i":{"x":[0.833,0.833,0.833],"y":[0.833,0.833,0.833]},"o":{"x":[0.167,0.167,0.167],"y":[0.167,0.167,0.167]},"t":0,"s":[100,100,100]},{"i":{"x":[0.833,0.833,0.833],"y":[0.833,0.833,0.833]},"o":{"x":[0.167,0.167,0.167],"y":[0.167,0.167,0.167]},"t":30.03,"s":[93,93,100]},{"i":{"x":[0.833,0.833,0.833],"y":[0.833,0.833,0.833]},"o":{"x":[0.167,0.167,0.167],"y":[0.167,0.167,0.167]},"t":60.06,"s":[111,111,100]},{"i":{"x":[0.833,0.833,0.833],"y":[0.833,0.833,0.833]},"o":{"x":[0.167,0.167,0.167],"y":[0.167,0.167,0.167]},"t":90.09,"s":[89,89,100]},{"t":118.118118118118,"s":[112,112,100]}],"ix":6}},"ao":0,"shapes":[{"ty":"gr","it":[{"ind":0,"ty":"sh","ix":1,"ks":{"a":0,"k":{"i":[[2.351,-4.826],[7.106,-6.565],[0.409,0.377],[-8.5,-16.5],[-0.125,12.125],[-2.677,0.09],[0,0]],"o":[[-2.375,4.875],[-3.249,3.002],[-6.516,-6.014],[9.75,13.125],[-0.086,-4.21],[5.231,-0.176],[0,0]],"v":[[-76.375,44.875],[-100.626,68.123],[-106.375,69],[-117,83.5],[-99.5,78],[-71.106,61.301],[-61.875,58]],"c":true},"ix":2},"nm":"Path 1","mn":"ADBE Vector Shape - Group","hd":false},{"ty":"st","c":{"a":0,"k":[0,0,0,1],"ix":3},"o":{"a":0,"k":100,"ix":4},"w":{"a":0,"k":0,"ix":5},"lc":1,"lj":1,"ml":4,"bm":0,"nm":"Stroke 1","mn":"ADBE Vector Graphic - Stroke","hd":false},{"ty":"fl","c":{"a":0,"k":[0.917647058824,0.02159169515,0.253512034697,1],"ix":4},"o":{"a":0,"k":100,"ix":5},"r":1,"bm":0,"nm":"Fill 1","mn":"ADBE Vector Graphic - Fill","hd":false},{"ty":"tr","p":{"a":0,"k":[0,0],"ix":2},"a":{"a":0,"k":[0,0],"ix":1},"s":{"a":0,"k":[100,100],"ix":3},"r":{"a":0,"k":0,"ix":6},"o":{"a":0,"k":100,"ix":7},"sk":{"a":0,"k":0,"ix":4},"sa":{"a":0,"k":0,"ix":5},"nm":"Transform"}],"nm":"Shape 1","np":3,"cix":2,"bm":0,"ix":1,"mn":"ADBE Vector Group","hd":false}],"ip":0,"op":186.186186186186,"st":0,"bm":0},{"ddd":0,"ind":41,"ty":4,"nm":"Bar 6","sr":1,"ks":{"o":{"a":0,"k":100,"ix":11},"r":{"a":0,"k":149,"ix":10},"p":{"a":0,"k":[218.138,121.392,0],"ix":2},"a":{"a":0,"k":[-67.862,49.892,0],"ix":1},"s":{"a":1,"k":[{"i":{"x":[0.833,0.833,0.833],"y":[0.833,0.833,0.833]},"o":{"x":[0.167,0.167,0.167],"y":[0.167,0.167,0.167]},"t":0,"s":[100,100,100]},{"i":{"x":[0.833,0.833,0.833],"y":[0.833,0.833,0.833]},"o":{"x":[0.167,0.167,0.167],"y":[0.167,0.167,0.167]},"t":30.03,"s":[93,93,100]},{"i":{"x":[0.833,0.833,0.833],"y":[0.833,0.833,0.833]},"o":{"x":[0.167,0.167,0.167],"y":[0.167,0.167,0.167]},"t":60.06,"s":[111,111,100]},{"i":{"x":[0.833,0.833,0.833],"y":[0.833,0.833,0.833]},"o":{"x":[0.167,0.167,0.167],"y":[0.167,0.167,0.167]},"t":90.09,"s":[89,89,100]},{"t":118.118118118118,"s":[112,112,100]}],"ix":6}},"ao":0,"shapes":[{"ty":"gr","it":[{"ind":0,"ty":"sh","ix":1,"ks":{"a":0,"k":{"i":[[2.351,-4.826],[7.106,-6.565],[0.409,0.377],[-8.5,-16.5],[-0.125,12.125],[-2.677,0.09],[0,0]],"o":[[-2.375,4.875],[-3.249,3.002],[-6.516,-6.014],[9.75,13.125],[-0.086,-4.21],[5.231,-0.176],[0,0]],"v":[[-76.375,44.875],[-100.626,68.123],[-106.375,69],[-117,83.5],[-99.5,78],[-71.106,61.301],[-61.875,58]],"c":true},"ix":2},"nm":"Path 1","mn":"ADBE Vector Shape - Group","hd":false},{"ty":"st","c":{"a":0,"k":[0,0,0,1],"ix":3},"o":{"a":0,"k":100,"ix":4},"w":{"a":0,"k":0,"ix":5},"lc":1,"lj":1,"ml":4,"bm":0,"nm":"Stroke 1","mn":"ADBE Vector Graphic - Stroke","hd":false},{"ty":"fl","c":{"a":0,"k":[0.917647058824,0.02159169515,0.253512034697,1],"ix":4},"o":{"a":0,"k":100,"ix":5},"r":1,"bm":0,"nm":"Fill 1","mn":"ADBE Vector Graphic - Fill","hd":false},{"ty":"tr","p":{"a":0,"k":[0,0],"ix":2},"a":{"a":0,"k":[0,0],"ix":1},"s":{"a":0,"k":[100,100],"ix":3},"r":{"a":0,"k":0,"ix":6},"o":{"a":0,"k":100,"ix":7},"sk":{"a":0,"k":0,"ix":4},"sa":{"a":0,"k":0,"ix":5},"nm":"Transform"}],"nm":"Shape 1","np":3,"cix":2,"bm":0,"ix":1,"mn":"ADBE Vector Group","hd":false}],"ip":0,"op":186.186186186186,"st":0,"bm":0},{"ddd":0,"ind":42,"ty":4,"nm":"Bar 5","sr":1,"ks":{"o":{"a":0,"k":100,"ix":11},"r":{"a":0,"k":115,"ix":10},"p":{"a":0,"k":[176.638,114.392,0],"ix":2},"a":{"a":0,"k":[-67.862,49.892,0],"ix":1},"s":{"a":1,"k":[{"i":{"x":[0.833,0.833,0.833],"y":[0.833,0.833,0.833]},"o":{"x":[0.167,0.167,0.167],"y":[0.167,0.167,0.167]},"t":0,"s":[100,100,100]},{"i":{"x":[0.833,0.833,0.833],"y":[0.833,0.833,0.833]},"o":{"x":[0.167,0.167,0.167],"y":[0.167,0.167,0.167]},"t":30.03,"s":[93,93,100]},{"i":{"x":[0.833,0.833,0.833],"y":[0.833,0.833,0.833]},"o":{"x":[0.167,0.167,0.167],"y":[0.167,0.167,0.167]},"t":60.06,"s":[111,111,100]},{"i":{"x":[0.833,0.833,0.833],"y":[0.833,0.833,0.833]},"o":{"x":[0.167,0.167,0.167],"y":[0.167,0.167,0.167]},"t":90.09,"s":[89,89,100]},{"t":118.118118118118,"s":[112,112,100]}],"ix":6}},"ao":0,"shapes":[{"ty":"gr","it":[{"ind":0,"ty":"sh","ix":1,"ks":{"a":0,"k":{"i":[[2.351,-4.826],[7.106,-6.565],[0.409,0.377],[-8.5,-16.5],[-0.125,12.125],[-2.677,0.09],[0,0]],"o":[[-2.375,4.875],[-3.249,3.002],[-6.516,-6.014],[9.75,13.125],[-0.086,-4.21],[5.231,-0.176],[0,0]],"v":[[-76.375,44.875],[-100.626,68.123],[-106.375,69],[-117,83.5],[-99.5,78],[-71.106,61.301],[-61.875,58]],"c":true},"ix":2},"nm":"Path 1","mn":"ADBE Vector Shape - Group","hd":false},{"ty":"st","c":{"a":0,"k":[0,0,0,1],"ix":3},"o":{"a":0,"k":100,"ix":4},"w":{"a":0,"k":0,"ix":5},"lc":1,"lj":1,"ml":4,"bm":0,"nm":"Stroke 1","mn":"ADBE Vector Graphic - Stroke","hd":false},{"ty":"fl","c":{"a":0,"k":[0.917647058824,0.02159169515,0.253512034697,1],"ix":4},"o":{"a":0,"k":100,"ix":5},"r":1,"bm":0,"nm":"Fill 1","mn":"ADBE Vector Graphic - Fill","hd":false},{"ty":"tr","p":{"a":0,"k":[0,0],"ix":2},"a":{"a":0,"k":[0,0],"ix":1},"s":{"a":0,"k":[100,100],"ix":3},"r":{"a":0,"k":0,"ix":6},"o":{"a":0,"k":100,"ix":7},"sk":{"a":0,"k":0,"ix":4},"sa":{"a":0,"k":0,"ix":5},"nm":"Transform"}],"nm":"Shape 1","np":3,"cix":2,"bm":0,"ix":1,"mn":"ADBE Vector Group","hd":false}],"ip":0,"op":186.186186186186,"st":0,"bm":0},{"ddd":0,"ind":43,"ty":4,"nm":"Bar 4","sr":1,"ks":{"o":{"a":0,"k":100,"ix":11},"r":{"a":0,"k":89,"ix":10},"p":{"a":0,"k":[133.638,127.392,0],"ix":2},"a":{"a":0,"k":[-67.862,49.892,0],"ix":1},"s":{"a":1,"k":[{"i":{"x":[0.833,0.833,0.833],"y":[0.833,0.833,0.833]},"o":{"x":[0.167,0.167,0.167],"y":[0.167,0.167,0.167]},"t":0,"s":[100,100,100]},{"i":{"x":[0.833,0.833,0.833],"y":[0.833,0.833,0.833]},"o":{"x":[0.167,0.167,0.167],"y":[0.167,0.167,0.167]},"t":30.03,"s":[93,93,100]},{"i":{"x":[0.833,0.833,0.833],"y":[0.833,0.833,0.833]},"o":{"x":[0.167,0.167,0.167],"y":[0.167,0.167,0.167]},"t":60.06,"s":[111,111,100]},{"i":{"x":[0.833,0.833,0.833],"y":[0.833,0.833,0.833]},"o":{"x":[0.167,0.167,0.167],"y":[0.167,0.167,0.167]},"t":90.09,"s":[89,89,100]},{"t":118.118118118118,"s":[112,112,100]}],"ix":6}},"ao":0,"shapes":[{"ty":"gr","it":[{"ind":0,"ty":"sh","ix":1,"ks":{"a":0,"k":{"i":[[2.351,-4.826],[7.106,-6.565],[0.409,0.377],[-8.5,-16.5],[-0.125,12.125],[-2.677,0.09],[0,0]],"o":[[-2.375,4.875],[-3.249,3.002],[-6.516,-6.014],[9.75,13.125],[-0.086,-4.21],[5.231,-0.176],[0,0]],"v":[[-76.375,44.875],[-100.626,68.123],[-106.375,69],[-117,83.5],[-99.5,78],[-71.106,61.301],[-61.875,58]],"c":true},"ix":2},"nm":"Path 1","mn":"ADBE Vector Shape - Group","hd":false},{"ty":"st","c":{"a":0,"k":[0,0,0,1],"ix":3},"o":{"a":0,"k":100,"ix":4},"w":{"a":0,"k":0,"ix":5},"lc":1,"lj":1,"ml":4,"bm":0,"nm":"Stroke 1","mn":"ADBE Vector Graphic - Stroke","hd":false},{"ty":"fl","c":{"a":0,"k":[0.917647058824,0.02159169515,0.253512034697,1],"ix":4},"o":{"a":0,"k":100,"ix":5},"r":1,"bm":0,"nm":"Fill 1","mn":"ADBE Vector Graphic - Fill","hd":false},{"ty":"tr","p":{"a":0,"k":[0,0],"ix":2},"a":{"a":0,"k":[0,0],"ix":1},"s":{"a":0,"k":[100,100],"ix":3},"r":{"a":0,"k":0,"ix":6},"o":{"a":0,"k":100,"ix":7},"sk":{"a":0,"k":0,"ix":4},"sa":{"a":0,"k":0,"ix":5},"nm":"Transform"}],"nm":"Shape 1","np":3,"cix":2,"bm":0,"ix":1,"mn":"ADBE Vector Group","hd":false}],"ip":0,"op":186.186186186186,"st":0,"bm":0},{"ddd":0,"ind":44,"ty":4,"nm":"Bar 3","sr":1,"ks":{"o":{"a":0,"k":100,"ix":11},"r":{"a":0,"k":55,"ix":10},"p":{"a":0,"k":[105.638,160.892,0],"ix":2},"a":{"a":0,"k":[-67.862,49.892,0],"ix":1},"s":{"a":1,"k":[{"i":{"x":[0.833,0.833,0.833],"y":[0.833,0.833,0.833]},"o":{"x":[0.167,0.167,0.167],"y":[0.167,0.167,0.167]},"t":0,"s":[100,100,100]},{"i":{"x":[0.833,0.833,0.833],"y":[0.833,0.833,0.833]},"o":{"x":[0.167,0.167,0.167],"y":[0.167,0.167,0.167]},"t":30.03,"s":[93,93,100]},{"i":{"x":[0.833,0.833,0.833],"y":[0.833,0.833,0.833]},"o":{"x":[0.167,0.167,0.167],"y":[0.167,0.167,0.167]},"t":60.06,"s":[111,111,100]},{"i":{"x":[0.833,0.833,0.833],"y":[0.833,0.833,0.833]},"o":{"x":[0.167,0.167,0.167],"y":[0.167,0.167,0.167]},"t":90.09,"s":[89,89,100]},{"t":118.118118118118,"s":[112,112,100]}],"ix":6}},"ao":0,"shapes":[{"ty":"gr","it":[{"ind":0,"ty":"sh","ix":1,"ks":{"a":0,"k":{"i":[[2.351,-4.826],[7.106,-6.565],[0.409,0.377],[-8.5,-16.5],[-0.125,12.125],[-2.677,0.09],[0,0]],"o":[[-2.375,4.875],[-3.249,3.002],[-6.516,-6.014],[9.75,13.125],[-0.086,-4.21],[5.231,-0.176],[0,0]],"v":[[-76.375,44.875],[-100.626,68.123],[-106.375,69],[-117,83.5],[-99.5,78],[-71.106,61.301],[-61.875,58]],"c":true},"ix":2},"nm":"Path 1","mn":"ADBE Vector Shape - Group","hd":false},{"ty":"st","c":{"a":0,"k":[0,0,0,1],"ix":3},"o":{"a":0,"k":100,"ix":4},"w":{"a":0,"k":0,"ix":5},"lc":1,"lj":1,"ml":4,"bm":0,"nm":"Stroke 1","mn":"ADBE Vector Graphic - Stroke","hd":false},{"ty":"fl","c":{"a":0,"k":[0.917647058824,0.02159169515,0.253512034697,1],"ix":4},"o":{"a":0,"k":100,"ix":5},"r":1,"bm":0,"nm":"Fill 1","mn":"ADBE Vector Graphic - Fill","hd":false},{"ty":"tr","p":{"a":0,"k":[0,0],"ix":2},"a":{"a":0,"k":[0,0],"ix":1},"s":{"a":0,"k":[100,100],"ix":3},"r":{"a":0,"k":0,"ix":6},"o":{"a":0,"k":100,"ix":7},"sk":{"a":0,"k":0,"ix":4},"sa":{"a":0,"k":0,"ix":5},"nm":"Transform"}],"nm":"Shape 1","np":3,"cix":2,"bm":0,"ix":1,"mn":"ADBE Vector Group","hd":false}],"ip":0,"op":186.186186186186,"st":0,"bm":0},{"ddd":0,"ind":45,"ty":4,"nm":"Bar 2","sr":1,"ks":{"o":{"a":0,"k":100,"ix":11},"r":{"a":0,"k":28,"ix":10},"p":{"a":0,"k":[97.638,205.392,0],"ix":2},"a":{"a":0,"k":[-67.862,49.892,0],"ix":1},"s":{"a":1,"k":[{"i":{"x":[0.833,0.833,0.833],"y":[0.833,0.833,0.833]},"o":{"x":[0.167,0.167,0.167],"y":[0.167,0.167,0.167]},"t":0,"s":[100,100,100]},{"i":{"x":[0.833,0.833,0.833],"y":[0.833,0.833,0.833]},"o":{"x":[0.167,0.167,0.167],"y":[0.167,0.167,0.167]},"t":30.03,"s":[93,93,100]},{"i":{"x":[0.833,0.833,0.833],"y":[0.833,0.833,0.833]},"o":{"x":[0.167,0.167,0.167],"y":[0.167,0.167,0.167]},"t":60.06,"s":[111,111,100]},{"i":{"x":[0.833,0.833,0.833],"y":[0.833,0.833,0.833]},"o":{"x":[0.167,0.167,0.167],"y":[0.167,0.167,0.167]},"t":90.09,"s":[89,89,100]},{"t":118.118118118118,"s":[112,112,100]}],"ix":6}},"ao":0,"shapes":[{"ty":"gr","it":[{"ind":0,"ty":"sh","ix":1,"ks":{"a":0,"k":{"i":[[2.351,-4.826],[7.106,-6.565],[0.409,0.377],[-8.5,-16.5],[-0.125,12.125],[-2.677,0.09],[0,0]],"o":[[-2.375,4.875],[-3.249,3.002],[-6.516,-6.014],[9.75,13.125],[-0.086,-4.21],[5.231,-0.176],[0,0]],"v":[[-76.375,44.875],[-100.626,68.123],[-106.375,69],[-117,83.5],[-99.5,78],[-71.106,61.301],[-61.875,58]],"c":true},"ix":2},"nm":"Path 1","mn":"ADBE Vector Shape - Group","hd":false},{"ty":"st","c":{"a":0,"k":[0,0,0,1],"ix":3},"o":{"a":0,"k":100,"ix":4},"w":{"a":0,"k":0,"ix":5},"lc":1,"lj":1,"ml":4,"bm":0,"nm":"Stroke 1","mn":"ADBE Vector Graphic - Stroke","hd":false},{"ty":"fl","c":{"a":0,"k":[0.917647058824,0.02159169515,0.253512034697,1],"ix":4},"o":{"a":0,"k":100,"ix":5},"r":1,"bm":0,"nm":"Fill 1","mn":"ADBE Vector Graphic - Fill","hd":false},{"ty":"tr","p":{"a":0,"k":[0,0],"ix":2},"a":{"a":0,"k":[0,0],"ix":1},"s":{"a":0,"k":[100,100],"ix":3},"r":{"a":0,"k":0,"ix":6},"o":{"a":0,"k":100,"ix":7},"sk":{"a":0,"k":0,"ix":4},"sa":{"a":0,"k":0,"ix":5},"nm":"Transform"}],"nm":"Shape 1","np":3,"cix":2,"bm":0,"ix":1,"mn":"ADBE Vector Group","hd":false}],"ip":0,"op":186.186186186186,"st":0,"bm":0},{"ddd":0,"ind":46,"ty":4,"nm":"Bar","sr":1,"ks":{"o":{"a":0,"k":100,"ix":11},"r":{"a":0,"k":0,"ix":10},"p":{"a":0,"k":[113.138,247.892,0],"ix":2},"a":{"a":0,"k":[-67.862,49.892,0],"ix":1},"s":{"a":1,"k":[{"i":{"x":[0.833,0.833,0.833],"y":[0.833,0.833,0.833]},"o":{"x":[0.167,0.167,0.167],"y":[0.167,0.167,0.167]},"t":0,"s":[100,100,100]},{"i":{"x":[0.833,0.833,0.833],"y":[0.833,0.833,0.833]},"o":{"x":[0.167,0.167,0.167],"y":[0.167,0.167,0.167]},"t":30.03,"s":[93,93,100]},{"i":{"x":[0.833,0.833,0.833],"y":[0.833,0.833,0.833]},"o":{"x":[0.167,0.167,0.167],"y":[0.167,0.167,0.167]},"t":60.06,"s":[111,111,100]},{"i":{"x":[0.833,0.833,0.833],"y":[0.833,0.833,0.833]},"o":{"x":[0.167,0.167,0.167],"y":[0.167,0.167,0.167]},"t":90.09,"s":[89,89,100]},{"t":118.118118118118,"s":[112,112,100]}],"ix":6}},"ao":0,"shapes":[{"ty":"gr","it":[{"ind":0,"ty":"sh","ix":1,"ks":{"a":0,"k":{"i":[[2.351,-4.826],[7.106,-6.565],[0.409,0.377],[-8.5,-16.5],[-0.125,12.125],[-2.677,0.09],[0,0]],"o":[[-2.375,4.875],[-3.249,3.002],[-6.516,-6.014],[9.75,13.125],[-0.086,-4.21],[5.231,-0.176],[0,0]],"v":[[-76.375,44.875],[-100.626,68.123],[-106.375,69],[-117,83.5],[-99.5,78],[-71.106,61.301],[-61.875,58]],"c":true},"ix":2},"nm":"Path 1","mn":"ADBE Vector Shape - Group","hd":false},{"ty":"st","c":{"a":0,"k":[0,0,0,1],"ix":3},"o":{"a":0,"k":100,"ix":4},"w":{"a":0,"k":0,"ix":5},"lc":1,"lj":1,"ml":4,"bm":0,"nm":"Stroke 1","mn":"ADBE Vector Graphic - Stroke","hd":false},{"ty":"fl","c":{"a":0,"k":[0.917647058824,0.02159169515,0.253512034697,1],"ix":4},"o":{"a":0,"k":100,"ix":5},"r":1,"bm":0,"nm":"Fill 1","mn":"ADBE Vector Graphic - Fill","hd":false},{"ty":"tr","p":{"a":0,"k":[0,0],"ix":2},"a":{"a":0,"k":[0,0],"ix":1},"s":{"a":0,"k":[100,100],"ix":3},"r":{"a":0,"k":0,"ix":6},"o":{"a":0,"k":100,"ix":7},"sk":{"a":0,"k":0,"ix":4},"sa":{"a":0,"k":0,"ix":5},"nm":"Transform"}],"nm":"Shape 1","np":3,"cix":2,"bm":0,"ix":1,"mn":"ADBE Vector Group","hd":false}],"ip":0,"op":186.186186186186,"st":0,"bm":0},{"ddd":0,"ind":47,"ty":4,"nm":"Shape Layer 1","sr":1,"ks":{"o":{"a":0,"k":100,"ix":11},"r":{"a":0,"k":0,"ix":10},"p":{"a":0,"k":[181.5,199.5,0],"ix":2},"a":{"a":0,"k":[17.5,22.5,0],"ix":1},"s":{"a":0,"k":[104,104,100],"ix":6}},"ao":0,"shapes":[{"ty":"gr","it":[{"ind":0,"ty":"sh","ix":1,"ks":{"a":0,"k":{"i":[[48.325,0],[0,-48.325],[-48.325,0],[0,48.325]],"o":[[-48.325,0],[0,48.325],[48.325,0],[0,-48.325]],"v":[[0,-87.5],[-87.5,0],[0,87.5],[87.5,0]],"c":true},"ix":2},"nm":"Path 1","mn":"ADBE Vector Shape - Group","hd":false},{"ty":"st","c":{"a":0,"k":[0,0,0,1],"ix":3},"o":{"a":0,"k":100,"ix":4},"w":{"a":0,"k":0,"ix":5},"lc":1,"lj":1,"ml":4,"bm":0,"nm":"Stroke 1","mn":"ADBE Vector Graphic - Stroke","hd":false},{"ty":"fl","c":{"a":0,"k":[1,0.20000001496,0.023529413635,1],"ix":4},"o":{"a":0,"k":100,"ix":5},"r":1,"bm":0,"nm":"Fill 1","mn":"ADBE Vector Graphic - Fill","hd":false},{"ty":"tr","p":{"a":0,"k":[17.5,22.5],"ix":2},"a":{"a":0,"k":[0,0],"ix":1},"s":{"a":0,"k":[100,100],"ix":3},"r":{"a":0,"k":0,"ix":6},"o":{"a":0,"k":100,"ix":7},"sk":{"a":0,"k":0,"ix":4},"sa":{"a":0,"k":0,"ix":5},"nm":"Transform"}],"nm":"Ellipse 1","np":3,"cix":2,"bm":0,"ix":1,"mn":"ADBE Vector Group","hd":false}],"ip":0,"op":186.186186186186,"st":0,"bm":0}]},{"id":"comp_1","layers":[{"ddd":0,"ind":1,"ty":4,"nm":"Shape Layer 4","sr":1,"ks":{"o":{"a":0,"k":40,"ix":11},"r":{"a":0,"k":0,"ix":10},"p":{"a":0,"k":[262,87,0],"ix":2},"a":{"a":0,"k":[0,-119,0],"ix":1},"s":{"a":0,"k":[100,100,100],"ix":6}},"ao":0,"shapes":[{"ty":"gr","it":[{"ind":0,"ty":"sh","ix":1,"ks":{"a":0,"k":{"i":[[0,0],[0,0],[0,0],[0,0]],"o":[[0,0],[0,0],[0,0],[0,0]],"v":[[218,-21],[-218,-21],[-218,21],[218,21]],"c":true},"ix":2},"nm":"Path 1","mn":"ADBE Vector Shape - Group","hd":false},{"ty":"st","c":{"a":0,"k":[0.015440214381,0.539771644742,0.98431372549,1],"ix":3},"o":{"a":0,"k":100,"ix":4},"w":{"a":0,"k":0,"ix":5},"lc":1,"lj":1,"ml":4,"bm":0,"nm":"Stroke 1","mn":"ADBE Vector Graphic - Stroke","hd":false},{"ty":"fl","c":{"a":0,"k":[0.250980377197,0.885443952972,1,1],"ix":4},"o":{"a":0,"k":100,"ix":5},"r":1,"bm":0,"nm":"Fill 1","mn":"ADBE Vector Graphic - Fill","hd":false},{"ty":"tr","p":{"a":0,"k":[0,-119],"ix":2},"a":{"a":0,"k":[0,0],"ix":1},"s":{"a":0,"k":[100,100],"ix":3},"r":{"a":0,"k":0,"ix":6},"o":{"a":0,"k":100,"ix":7},"sk":{"a":0,"k":0,"ix":4},"sa":{"a":0,"k":0,"ix":5},"nm":"Transform"}],"nm":"Rectangle 1","np":3,"cix":2,"bm":0,"ix":1,"mn":"ADBE Vector Group","hd":false}],"ip":0,"op":180,"st":0,"bm":0},{"ddd":0,"ind":2,"ty":4,"nm":"Shape Layer 3","sr":1,"ks":{"o":{"a":0,"k":80,"ix":11},"r":{"a":0,"k":0,"ix":10},"p":{"a":0,"k":[262,97,0],"ix":2},"a":{"a":0,"k":[0,-119,0],"ix":1},"s":{"a":0,"k":[100,100,100],"ix":6}},"ao":0,"shapes":[{"ty":"gr","it":[{"ind":0,"ty":"sh","ix":1,"ks":{"a":0,"k":{"i":[[0,0],[0,0],[0,0],[0,0]],"o":[[0,0],[0,0],[0,0],[0,0]],"v":[[218,-21],[-218,-21],[-218,21],[218,21]],"c":true},"ix":2},"nm":"Path 1","mn":"ADBE Vector Shape - Group","hd":false},{"ty":"st","c":{"a":0,"k":[0.015440214381,0.539771644742,0.98431372549,1],"ix":3},"o":{"a":0,"k":100,"ix":4},"w":{"a":0,"k":0,"ix":5},"lc":1,"lj":1,"ml":4,"bm":0,"nm":"Stroke 1","mn":"ADBE Vector Graphic - Stroke","hd":false},{"ty":"fl","c":{"a":0,"k":[0.250980377197,0.885443952972,1,1],"ix":4},"o":{"a":0,"k":100,"ix":5},"r":1,"bm":0,"nm":"Fill 1","mn":"ADBE Vector Graphic - Fill","hd":false},{"ty":"tr","p":{"a":0,"k":[0,-119],"ix":2},"a":{"a":0,"k":[0,0],"ix":1},"s":{"a":0,"k":[100,100],"ix":3},"r":{"a":0,"k":0,"ix":6},"o":{"a":0,"k":100,"ix":7},"sk":{"a":0,"k":0,"ix":4},"sa":{"a":0,"k":0,"ix":5},"nm":"Transform"}],"nm":"Rectangle 1","np":3,"cix":2,"bm":0,"ix":1,"mn":"ADBE Vector Group","hd":false}],"ip":0,"op":180,"st":0,"bm":0},{"ddd":0,"ind":3,"ty":4,"nm":"Shape Layer 1","sr":1,"ks":{"o":{"a":0,"k":40,"ix":11},"r":{"a":0,"k":0,"ix":10},"p":{"a":0,"k":[262,107,0],"ix":2},"a":{"a":0,"k":[0,-119,0],"ix":1},"s":{"a":0,"k":[100,100,100],"ix":6}},"ao":0,"shapes":[{"ty":"gr","it":[{"ind":0,"ty":"sh","ix":1,"ks":{"a":0,"k":{"i":[[0,0],[0,0],[0,0],[0,0]],"o":[[0,0],[0,0],[0,0],[0,0]],"v":[[218,-21],[-218,-21],[-218,21],[218,21]],"c":true},"ix":2},"nm":"Path 1","mn":"ADBE Vector Shape - Group","hd":false},{"ty":"st","c":{"a":0,"k":[0.015440214381,0.539771644742,0.98431372549,1],"ix":3},"o":{"a":0,"k":100,"ix":4},"w":{"a":0,"k":0,"ix":5},"lc":1,"lj":1,"ml":4,"bm":0,"nm":"Stroke 1","mn":"ADBE Vector Graphic - Stroke","hd":false},{"ty":"fl","c":{"a":0,"k":[0.250980377197,0.885443952972,1,1],"ix":4},"o":{"a":0,"k":100,"ix":5},"r":1,"bm":0,"nm":"Fill 1","mn":"ADBE Vector Graphic - Fill","hd":false},{"ty":"tr","p":{"a":0,"k":[0,-119],"ix":2},"a":{"a":0,"k":[0,0],"ix":1},"s":{"a":0,"k":[100,100],"ix":3},"r":{"a":0,"k":0,"ix":6},"o":{"a":0,"k":100,"ix":7},"sk":{"a":0,"k":0,"ix":4},"sa":{"a":0,"k":0,"ix":5},"nm":"Transform"}],"nm":"Rectangle 1","np":3,"cix":2,"bm":0,"ix":1,"mn":"ADBE Vector Group","hd":false}],"ip":0,"op":180,"st":0,"bm":0}]}],"layers":[{"ddd":0,"ind":1,"ty":4,"nm":"Ellipes in","sr":1,"ks":{"o":{"a":0,"k":40,"ix":11},"r":{"a":0,"k":0,"ix":10},"p":{"a":0,"k":[538.5,143,0],"ix":2},"a":{"a":0,"k":[4,-430,0],"ix":1},"s":{"a":0,"k":[100,100,100],"ix":6}},"ao":0,"shapes":[{"ty":"gr","it":[{"ind":0,"ty":"sh","ix":1,"ks":{"a":0,"k":{"i":[[119.294,0],[0,-32.033],[-119.294,0],[0,32.033]],"o":[[-119.294,0],[0,32.033],[119.294,0],[0,-32.033]],"v":[[0,-58],[-216,0],[0,58],[216,0]],"c":true},"ix":2},"nm":"Path 1","mn":"ADBE Vector Shape - Group","hd":false},{"ty":"st","c":{"a":0,"k":[0.015440214381,0.539771644742,0.98431372549,1],"ix":3},"o":{"a":0,"k":100,"ix":4},"w":{"a":0,"k":0,"ix":5},"lc":1,"lj":1,"ml":4,"bm":0,"nm":"Stroke 1","mn":"ADBE Vector Graphic - Stroke","hd":false},{"ty":"fl","c":{"a":0,"k":[0.279953840667,0.651438754213,0.964705882353,1],"ix":4},"o":{"a":0,"k":100,"ix":5},"r":1,"bm":0,"nm":"Fill 1","mn":"ADBE Vector Graphic - Fill","hd":false},{"ty":"tr","p":{"a":0,"k":[4,-430],"ix":2},"a":{"a":0,"k":[0,0],"ix":1},"s":{"a":0,"k":[100,100],"ix":3},"r":{"a":0,"k":0,"ix":6},"o":{"a":0,"k":100,"ix":7},"sk":{"a":0,"k":0,"ix":4},"sa":{"a":0,"k":0,"ix":5},"nm":"Transform"}],"nm":"Ellipse 1","np":3,"cix":2,"bm":0,"ix":1,"mn":"ADBE Vector Group","hd":false}],"ip":0,"op":180,"st":0,"bm":0},{"ddd":0,"ind":2,"ty":4,"nm":"Ellipes out","sr":1,"ks":{"o":{"a":0,"k":100,"ix":11},"r":{"a":0,"k":0,"ix":10},"p":{"a":0,"k":[538.5,143,0],"ix":2},"a":{"a":0,"k":[4,-430,0],"ix":1},"s":{"a":0,"k":[100,100,100],"ix":6}},"ao":0,"shapes":[{"ty":"gr","it":[{"ind":0,"ty":"sh","ix":1,"ks":{"a":0,"k":{"i":[[119.294,0],[0,-32.033],[-119.294,0],[0,32.033]],"o":[[-119.294,0],[0,32.033],[119.294,0],[0,-32.033]],"v":[[0,-58],[-216,0],[0,58],[216,0]],"c":true},"ix":2},"nm":"Path 1","mn":"ADBE Vector Shape - Group","hd":false},{"ty":"st","c":{"a":0,"k":[0.015440214381,0.539771644742,0.98431372549,1],"ix":3},"o":{"a":0,"k":100,"ix":4},"w":{"a":0,"k":10,"ix":5},"lc":1,"lj":1,"ml":4,"bm":0,"nm":"Stroke 1","mn":"ADBE Vector Graphic - Stroke","hd":false},{"ty":"tr","p":{"a":0,"k":[4,-430],"ix":2},"a":{"a":0,"k":[0,0],"ix":1},"s":{"a":0,"k":[100,100],"ix":3},"r":{"a":0,"k":0,"ix":6},"o":{"a":0,"k":100,"ix":7},"sk":{"a":0,"k":0,"ix":4},"sa":{"a":0,"k":0,"ix":5},"nm":"Transform"}],"nm":"Ellipse 1","np":3,"cix":2,"bm":0,"ix":1,"mn":"ADBE Vector Group","hd":false}],"ip":0,"op":180,"st":0,"bm":0},{"ddd":0,"ind":3,"ty":4,"nm":"Line","sr":1,"ks":{"o":{"a":0,"k":100,"ix":11},"r":{"a":0,"k":0,"ix":10},"p":{"a":0,"k":[323,534,0],"ix":2},"a":{"a":0,"k":[216,-6,0],"ix":1},"s":{"a":0,"k":[100,100,100],"ix":6}},"ao":0,"shapes":[{"ty":"gr","it":[{"ind":0,"ty":"sh","ix":1,"ks":{"a":0,"k":{"i":[[0,0],[0,0]],"o":[[0,0],[0,0]],"v":[[216,-396],[216,384]],"c":false},"ix":2},"nm":"Path 1","mn":"ADBE Vector Shape - Group","hd":false},{"ty":"st","c":{"a":0,"k":[0.015440214381,0.539771644742,0.98431372549,1],"ix":3},"o":{"a":0,"k":100,"ix":4},"w":{"a":0,"k":10,"ix":5},"lc":1,"lj":1,"ml":4,"bm":0,"nm":"Stroke 1","mn":"ADBE Vector Graphic - Stroke","hd":false},{"ty":"fl","c":{"a":0,"k":[0.279953840667,0.651438754213,0.964705882353,1],"ix":4},"o":{"a":0,"k":100,"ix":5},"r":1,"bm":0,"nm":"Fill 1","mn":"ADBE Vector Graphic - Fill","hd":false},{"ty":"tr","p":{"a":0,"k":[0,0],"ix":2},"a":{"a":0,"k":[0,0],"ix":1},"s":{"a":0,"k":[100,100],"ix":3},"r":{"a":0,"k":0,"ix":6},"o":{"a":0,"k":100,"ix":7},"sk":{"a":0,"k":0,"ix":4},"sa":{"a":0,"k":0,"ix":5},"nm":"Transform"}],"nm":"Shape 1","np":3,"cix":2,"bm":0,"ix":1,"mn":"ADBE Vector Group","hd":false}],"ip":0,"op":180,"st":0,"bm":0},{"ddd":0,"ind":4,"ty":4,"nm":"Line r","sr":1,"ks":{"o":{"a":0,"k":100,"ix":11},"r":{"a":0,"k":0,"ix":10},"p":{"a":0,"k":[753.75,534,0],"ix":2},"a":{"a":0,"k":[216,-6,0],"ix":1},"s":{"a":0,"k":[100,100,100],"ix":6}},"ao":0,"shapes":[{"ty":"gr","it":[{"ind":0,"ty":"sh","ix":1,"ks":{"a":0,"k":{"i":[[0,0],[0,0]],"o":[[0,0],[0,0]],"v":[[216,-396],[216,384]],"c":false},"ix":2},"nm":"Path 1","mn":"ADBE Vector Shape - Group","hd":false},{"ty":"st","c":{"a":0,"k":[0.015440214381,0.539771644742,0.98431372549,1],"ix":3},"o":{"a":0,"k":100,"ix":4},"w":{"a":0,"k":10,"ix":5},"lc":1,"lj":1,"ml":4,"bm":0,"nm":"Stroke 1","mn":"ADBE Vector Graphic - Stroke","hd":false},{"ty":"fl","c":{"a":0,"k":[0.279953840667,0.651438754213,0.964705882353,1],"ix":4},"o":{"a":0,"k":100,"ix":5},"r":1,"bm":0,"nm":"Fill 1","mn":"ADBE Vector Graphic - Fill","hd":false},{"ty":"tr","p":{"a":0,"k":[0,0],"ix":2},"a":{"a":0,"k":[0,0],"ix":1},"s":{"a":0,"k":[100,100],"ix":3},"r":{"a":0,"k":0,"ix":6},"o":{"a":0,"k":100,"ix":7},"sk":{"a":0,"k":0,"ix":4},"sa":{"a":0,"k":0,"ix":5},"nm":"Transform"}],"nm":"Shape 1","np":3,"cix":2,"bm":0,"ix":1,"mn":"ADBE Vector Group","hd":false}],"ip":0,"op":180,"st":0,"bm":0},{"ddd":0,"ind":5,"ty":0,"nm":"Corona","refId":"comp_0","sr":1,"ks":{"o":{"a":0,"k":50,"ix":11},"r":{"a":0,"k":0,"ix":10},"p":{"a":0,"k":[563.5,385,0],"ix":2},"a":{"a":0,"k":[181,198,0],"ix":1},"s":{"a":1,"k":[{"i":{"x":[0.833,0.833,0.833],"y":[0.833,0.833,0.833]},"o":{"x":[0.167,0.167,0.167],"y":[0.167,0.167,0.167]},"t":24,"s":[11.768,11.768,100]},{"i":{"x":[0.833,0.833,0.833],"y":[0.833,0.833,0.833]},"o":{"x":[0.167,0.167,0.167],"y":[0.167,0.167,0.167]},"t":60,"s":[16.768,16.768,100]},{"i":{"x":[0.833,0.833,0.833],"y":[0.833,0.833,0.833]},"o":{"x":[0.167,0.167,0.167],"y":[0.167,0.167,0.167]},"t":97,"s":[11.768,11.768,100]},{"i":{"x":[0.833,0.833,0.833],"y":[0.833,0.833,0.833]},"o":{"x":[0.167,0.167,0.167],"y":[0.167,0.167,0.167]},"t":133,"s":[16.768,16.768,100]},{"t":162,"s":[11.768,11.768,100]}],"ix":6}},"ao":0,"w":362,"h":396,"ip":23,"op":187,"st":23,"bm":0},{"ddd":0,"ind":6,"ty":0,"nm":"Corona 2","refId":"comp_0","sr":1,"ks":{"o":{"a":0,"k":50,"ix":11},"r":{"a":0,"k":0,"ix":10},"p":{"a":0,"k":[554.5,404,0],"ix":2},"a":{"a":0,"k":[181,198,0],"ix":1},"s":{"a":1,"k":[{"i":{"x":[0.833,0.833,0.833],"y":[0.833,0.833,0.833]},"o":{"x":[0.167,0.167,0.167],"y":[0.167,0.167,0.167]},"t":51,"s":[11.768,11.768,100]},{"i":{"x":[0.833,0.833,0.833],"y":[0.833,0.833,0.833]},"o":{"x":[0.167,0.167,0.167],"y":[0.167,0.167,0.167]},"t":87,"s":[16.768,16.768,100]},{"i":{"x":[0.833,0.833,0.833],"y":[0.833,0.833,0.833]},"o":{"x":[0.167,0.167,0.167],"y":[0.167,0.167,0.167]},"t":124,"s":[11.768,11.768,100]},{"i":{"x":[0.833,0.833,0.833],"y":[0.833,0.833,0.833]},"o":{"x":[0.167,0.167,0.167],"y":[0.167,0.167,0.167]},"t":160,"s":[16.768,16.768,100]},{"t":189,"s":[11.768,11.768,100]}],"ix":6}},"ao":0,"w":362,"h":396,"ip":49,"op":190,"st":49,"bm":0},{"ddd":0,"ind":7,"ty":0,"nm":"Corona 3","refId":"comp_0","sr":1,"ks":{"o":{"a":0,"k":50,"ix":11},"r":{"a":0,"k":0,"ix":10},"p":{"a":0,"k":[571.5,405,0],"ix":2},"a":{"a":0,"k":[181,198,0],"ix":1},"s":{"a":1,"k":[{"i":{"x":[0.833,0.833,0.833],"y":[0.833,0.833,0.833]},"o":{"x":[0.167,0.167,0.167],"y":[0.167,0.167,0.167]},"t":77,"s":[11.768,11.768,100]},{"i":{"x":[0.833,0.833,0.833],"y":[0.833,0.833,0.833]},"o":{"x":[0.167,0.167,0.167],"y":[0.167,0.167,0.167]},"t":113,"s":[16.768,16.768,100]},{"i":{"x":[0.833,0.833,0.833],"y":[0.833,0.833,0.833]},"o":{"x":[0.167,0.167,0.167],"y":[0.167,0.167,0.167]},"t":150,"s":[11.768,11.768,100]},{"i":{"x":[0.833,0.833,0.833],"y":[0.833,0.833,0.833]},"o":{"x":[0.167,0.167,0.167],"y":[0.167,0.167,0.167]},"t":186,"s":[16.768,16.768,100]},{"t":215,"s":[11.768,11.768,100]}],"ix":6}},"ao":0,"w":362,"h":396,"ip":75,"op":195.12012012012,"st":75,"bm":0},{"ddd":0,"ind":8,"ty":0,"nm":"glow","refId":"comp_1","sr":1,"ks":{"o":{"a":1,"k":[{"i":{"x":[0.667],"y":[1]},"o":{"x":[0.333],"y":[0]},"t":119,"s":[100]},{"t":123,"s":[0]}],"ix":11},"r":{"a":0,"k":0,"ix":10},"p":{"a":1,"k":[{"i":{"x":0.667,"y":1},"o":{"x":0.333,"y":0},"t":0,"s":[538.5,169,0],"to":[0,120.5,0],"ti":[0,0,0]},{"i":{"x":0.667,"y":1},"o":{"x":0.333,"y":0},"t":30,"s":[538.5,892,0],"to":[0,0,0],"ti":[0,0,0]},{"i":{"x":0.667,"y":1},"o":{"x":0.333,"y":0},"t":60,"s":[538.5,169,0],"to":[0,0,0],"ti":[0,0,0]},{"i":{"x":0.667,"y":1},"o":{"x":0.333,"y":0},"t":90,"s":[538.5,892,0],"to":[0,0,0],"ti":[0,120.5,0]},{"t":120,"s":[538.5,169,0]}],"ix":2},"a":{"a":0,"k":[266,97,0],"ix":1},"s":{"a":0,"k":[100,100,100],"ix":6}},"ao":0,"w":532,"h":194,"ip":0,"op":180,"st":0,"bm":0},{"ddd":0,"ind":9,"ty":4,"nm":"MAn","sr":1,"ks":{"o":{"a":0,"k":100,"ix":11},"r":{"a":0,"k":0,"ix":10},"p":{"a":0,"k":[538.5,540,0],"ix":2},"a":{"a":0,"k":[0,0,0],"ix":1},"s":{"a":0,"k":[100,100,100],"ix":6}},"ao":0,"shapes":[{"ind":0,"ty":"sh","ix":1,"ks":{"a":0,"k":{"i":[[6.1,-0.1],[-3.25,-2.75]],"o":[[-0.402,6.402],[-0.706,-5.294]],"v":[[14,-398.125],[21.375,-384.25]],"c":true},"ix":2},"nm":"Path 1","mn":"ADBE Vector Shape - Group","hd":false},{"ind":1,"ty":"sh","ix":2,"ks":{"a":0,"k":{"i":[[0,3.667],[0.343,1.714],[0.14,4.644],[15.018,29.738],[0.784,1.378],[0.812,1.291],[0.988,1.378],[4.521,3.531],[0.69,0.661],[4.065,2.205],[0.994,0.743],[0.436,0.236],[0.819,0.968],[1.793,1.817],[2.583,0.649],[3.385,1.197],[-4.176,3.833],[-1.685,2.014],[-1.829,7.623],[-0.717,1.549],[-1.448,5.511],[-0.374,6.049],[-0.862,5.445],[5.516,9.26],[11.037,1.746],[3.333,0.714],[1.771,0.747],[12.079,-4.259],[2.956,-2.487],[1.737,-2.255],[1.456,-2.478],[0.156,-0.346],[3.055,-5.926],[-2.926,-0.514],[-0.393,-3.409],[-1.522,-2.221],[-0.543,-1.843],[0.104,-2.812],[-0.721,-7.089],[-2.083,-2.74],[-1.411,-2.876],[-1.489,-3.758],[-6.26,-5.025],[-0.282,-4.194],[3.884,-7.121],[1.738,-1.608],[2.729,-1.283],[2.139,-1.186],[5.228,-4.008],[5.592,-22.816],[1.264,-7.962],[0.863,-18.115],[-0.108,-1.963],[-0.09,0.495],[0.933,-1.817],[-2.31,-4.15],[-0.593,-11.557],[-0.682,-6.31],[-0.916,-5.989],[0.06,-3.765],[0.782,-3.239],[0.479,-3.115],[-2.594,-10.467],[-4.727,-3.516],[-2.107,-0.652],[0.915,7.132],[0.765,10.817],[-1.447,4.224],[-6.024,0.736],[0.458,5.169],[1.571,6.173],[2.314,3.156],[-0.954,7.513],[-1.457,17.752],[-1.137,3.058],[-3,2.2],[-0.254,0.487],[-0.778,5.925],[-1.002,4.98],[-0.512,2.099],[-2.523,-0.395],[1.925,-23.116],[-3.261,-7.794],[0.71,-7.684],[0,-27.473],[-0.691,-28.852],[-1.416,-29.74],[-2.531,-25.449],[5.538,-8.598],[-0.543,-9.759],[-0.607,-0.61],[-9.036,0],[-2.401,1.998],[0.958,3.503],[0.982,3.334],[0.038,2.307],[-0.884,4.009],[-1.069,8.337],[0,37.48],[-1.785,23.649],[-1.06,10.956],[-1.053,8.786],[-3.731,0.306],[-1.837,-24.462],[0,-24.926],[-4.438,-33.071],[-1.926,-8.332],[-0.013,-2.964],[1.033,-3.678],[-4.98,-4.987],[-8.063,0],[-1.938,1.617],[0.77,2.633],[2.425,3.656],[0.485,3.533],[-0.338,3.652],[-1.074,24.837],[-0.162,30.071],[1.799,48.04],[1.177,10.98],[-1.524,2.667],[0.049,1.021],[0.053,-0.371],[-0.546,3.695],[0.695,8.347],[-0.478,22.945],[-0.485,-2.126],[-0.997,-7.177],[-2.339,-5.106],[-1.26,-0.963],[-1.349,-3.627],[-0.751,-8.314],[-1.798,-15.387],[-0.348,-3.071],[3.147,-4.291],[0.703,-1.317],[0.695,-7.841],[-3.258,-1.273],[-0.65,0.655],[0.425,-7.759],[-1.058,-2.157],[-0.87,3.8],[-6.436,2.044],[-1.609,3.339],[-0.65,2.594],[2.236,11.04],[0.146,3.555],[-0.64,3.507],[-0.913,7.874],[-0.88,10.98],[-0.725,2.664],[-0.585,1.109],[-1.066,0.213]],"o":[[-0.472,-0.988],[-0.204,-1.022],[-1.286,-42.813],[-0.627,-1.241],[-0.809,-1.423],[-0.762,-1.211],[-2.741,-3.823],[-0.83,-0.649],[-2.369,-2.27],[-1.069,-0.58],[-0.568,-0.425],[-2.113,-1.142],[-1.619,-1.915],[-1.098,-1.113],[-4.179,-1.049],[2.27,-5.152],[1.555,-1.427],[3.613,-4.319],[0.568,-2.365],[2.356,-5.088],[1.443,-5.492],[0.341,-5.513],[2.01,-12.692],[-3.682,-6.181],[-3.083,-0.488],[-1.753,-0.376],[-9.911,-4.181],[-3.611,1.273],[-2.726,2.293],[-1.449,1.881],[-0.239,0.407],[-2.265,5.025],[2.085,2.979],[1.897,3.368],[0.301,2.607],[1.076,1.57],[0.885,3.003],[-0.2,5.398],[0.354,3.483],[1.553,2.043],[1.933,3.938],[3.024,7.633],[2.769,2.223],[-8.777,2.333],[-0.722,1.324],[-1.999,1.85],[-2.156,1.014],[-5.687,3.152],[-19.654,15.066],[-1.41,5.754],[-2.319,14.606],[-0.094,1.964],[0.056,1.012],[-0.408,2.249],[-2.46,4.791],[3.19,5.732],[0.315,6.141],[0.673,6.223],[1.036,6.771],[-0.048,3.015],[-0.796,3.296],[-1.612,10.479],[1.618,6.529],[1.314,0.978],[3.119,0.965],[9.619,5.418],[-0.54,-7.632],[2.863,-0.679],[4.039,-0.494],[-0.595,-6.716],[-1.088,-4.276],[-2.73,-3.723],[2.06,-16.23],[0.624,-7.602],[1.297,-3.487],[1.004,-0.736],[2.39,-4.584],[0.693,-5.284],[0.46,-2.287],[0.367,-1.503],[0.406,22.888],[-0.889,10.673],[1.781,4.255],[-2.113,22.861],[0,30.948],[0.723,30.187],[1.175,24.685],[1.091,10.968],[-2.629,4.082],[0.074,1.322],[2.12,2.129],[6.946,0],[1.964,-1.634],[-0.585,-2.139],[-0.532,-1.807],[-0.074,-4.462],[1.552,-7.035],[4.133,-32.238],[0,-25.102],[0.884,-11.708],[0.866,-8.951],[0.218,-1.821],[0.489,21.519],[1.759,23.422],[0,36.238],[1.108,8.256],[0.697,3.017],[0.011,2.428],[-2.486,8.852],[2.48,2.483],[7.856,0],[1.569,-1.309],[-1.741,-5.951],[-1.38,-2.08],[-0.161,-1.172],[2.092,-22.627],[1.214,-28.085],[0.246,-45.692],[-0.414,-11.047],[-0.378,-3.524],[0.814,-1.424],[-0.053,-1.112],[0.581,-4.072],[1.083,-7.331],[-1.791,-21.505],[2.698,-0.089],[1.404,6.154],[0.865,6.224],[0.492,1.074],[3.174,2.425],[1.289,3.466],[1.295,14.331],[0.354,3.031],[0.725,6.394],[-0.637,0.868],[-2.694,5.049],[-0.383,4.319],[6.078,2.375],[3.084,3.607],[-0.389,7.11],[0.4,0.816],[1.781,4.641],[2.957,-0.939],[1.209,-2.509],[2.439,-9.734],[-1.051,-5.19],[-0.094,-2.299],[1.412,-7.733],[1.621,-13.975],[0.184,-2.292],[0.314,-1.154],[0.61,-1.156],[0,-3.667]],"v":[[112,-77],[108,-80],[109,-88],[88,-197],[86,-201],[84,-205],[81,-208],[70,-221],[68,-222],[54,-229],[51,-231],[49,-233],[42,-235],[39,-245],[28,-249],[16,-251],[28,-261],[33,-267],[42,-284],[43,-291],[53,-304],[52,-319],[56,-335],[52,-371],[30,-384],[20,-385],[16,-387],[-26,-391],[-36,-385],[-44,-377],[-47,-370],[-49,-369],[-57,-350],[-50,-352],[-52,-341],[-49,-338],[-48,-333],[-46,-323],[-49,-307],[-45,-298],[-39,-292],[-36,-278],[-20,-258],[-12,-251],[-36,-243],[-38,-237],[-46,-234],[-52,-230],[-69,-221],[-100,-161],[-104,-142],[-109,-91],[-109,-85],[-108,-81],[-111,-77],[-109,-60],[-107,-31],[-105,-12],[-103,7],[-99,24],[-102,33],[-103,43],[-103,73],[-96,88],[-93,90],[-86,86],[-83,70],[-81,52],[-74,67],[-72,54],[-74,40],[-80,28],[-80,15],[-75,-34],[-74,-54],[-70,-56],[-68,-60],[-66,-77],[-63,-92],[-62,-100],[-59,-105],[-61,-35],[-60,-6],[-59,10],[-62,90],[-58,181],[-56,274],[-50,352],[-56,376],[-65,393],[-64,398],[-40,399],[-15,399],[-15,385],[-20,375],[-22,365],[-20,357],[-17,332],[-8,229],[-7,155],[-3,121],[-1,95],[1,88],[7,157],[8,230],[17,332],[20,357],[22,364],[20,374],[15,398],[39,399],[64,399],[64,387],[57,377],[49,362],[50,351],[56,276],[58,185],[62,49],[60,16],[59,5],[59,4],[58,0],[62,-11],[61,-35],[59,-105],[62,-99],[66,-78],[68,-61],[70,-56],[74,-54],[75,-33],[79,6],[80,16],[80,28],[77,31],[72,54],[73,67],[80,52],[83,69],[80,86],[85,86],[93,90],[101,82],[103,73],[103,38],[99,25],[101,16],[105,-10],[107,-49],[108,-59],[110,-62],[112,-66]],"c":true},"ix":2},"nm":"Path 2","mn":"ADBE Vector Shape - Group","hd":false},{"ind":2,"ty":"sh","ix":3,"ks":{"a":0,"k":{"i":[[0.55,6.883],[0.836,-0.537],[-1.875,-1.375]],"o":[[-1.895,-0.451],[-3.016,1.935],[2.798,-3.536]],"v":[[31,-396],[27,-395],[21.75,-384.625]],"c":true},"ix":2},"nm":"Path 3","mn":"ADBE Vector Shape - Group","hd":false},{"ty":"st","c":{"a":1,"k":[{"i":{"x":[0.667],"y":[1]},"o":{"x":[0.333],"y":[0]},"t":120,"s":[0.015440214381,0.539771644742,0.98431372549,1]},{"t":135,"s":[0.984313726425,0.015440214425,0.015440214425,1]}],"ix":3},"o":{"a":0,"k":100,"ix":4},"w":{"a":0,"k":6,"ix":5},"lc":1,"lj":1,"ml":4,"bm":0,"nm":"Stroke 1","mn":"ADBE Vector Graphic - Stroke","hd":false},{"ty":"fl","c":{"a":1,"k":[{"i":{"x":[0.667],"y":[1]},"o":{"x":[0.333],"y":[0]},"t":120,"s":[0.327996915929,0.677672980813,0.972549019608,1]},{"t":135,"s":[0.972549021244,0.327996909618,0.327996909618,1]}],"ix":4},"o":{"a":0,"k":100,"ix":5},"r":1,"bm":0,"nm":"Fill 1","mn":"ADBE Vector Graphic - Fill","hd":false}],"ip":0,"op":180,"st":0,"bm":0},{"ddd":0,"ind":10,"ty":4,"nm":"Ellipes in 2","sr":1,"ks":{"o":{"a":0,"k":40,"ix":11},"r":{"a":0,"k":0,"ix":10},"p":{"a":0,"k":[538.5,930,0],"ix":2},"a":{"a":0,"k":[4,-430,0],"ix":1},"s":{"a":0,"k":[100,100,100],"ix":6}},"ao":0,"shapes":[{"ty":"gr","it":[{"ind":0,"ty":"sh","ix":1,"ks":{"a":0,"k":{"i":[[119.294,0],[0,-32.033],[-119.294,0],[0,32.033]],"o":[[-119.294,0],[0,32.033],[119.294,0],[0,-32.033]],"v":[[0,-58],[-216,0],[0,58],[216,0]],"c":true},"ix":2},"nm":"Path 1","mn":"ADBE Vector Shape - Group","hd":false},{"ty":"st","c":{"a":0,"k":[0.015440214381,0.539771644742,0.98431372549,1],"ix":3},"o":{"a":0,"k":100,"ix":4},"w":{"a":0,"k":0,"ix":5},"lc":1,"lj":1,"ml":4,"bm":0,"nm":"Stroke 1","mn":"ADBE Vector Graphic - Stroke","hd":false},{"ty":"fl","c":{"a":0,"k":[0.279953840667,0.651438754213,0.964705882353,1],"ix":4},"o":{"a":0,"k":100,"ix":5},"r":1,"bm":0,"nm":"Fill 1","mn":"ADBE Vector Graphic - Fill","hd":false},{"ty":"tr","p":{"a":0,"k":[4,-430],"ix":2},"a":{"a":0,"k":[0,0],"ix":1},"s":{"a":0,"k":[100,100],"ix":3},"r":{"a":0,"k":0,"ix":6},"o":{"a":0,"k":100,"ix":7},"sk":{"a":0,"k":0,"ix":4},"sa":{"a":0,"k":0,"ix":5},"nm":"Transform"}],"nm":"Ellipse 1","np":3,"cix":2,"bm":0,"ix":1,"mn":"ADBE Vector Group","hd":false}],"ip":0,"op":180,"st":0,"bm":0},{"ddd":0,"ind":11,"ty":4,"nm":"Ellipes out 2","sr":1,"ks":{"o":{"a":0,"k":100,"ix":11},"r":{"a":0,"k":0,"ix":10},"p":{"a":0,"k":[538.5,930,0],"ix":2},"a":{"a":0,"k":[4,-430,0],"ix":1},"s":{"a":0,"k":[100,100,100],"ix":6}},"ao":0,"shapes":[{"ty":"gr","it":[{"ind":0,"ty":"sh","ix":1,"ks":{"a":0,"k":{"i":[[119.294,0],[0,-32.033],[-119.294,0],[0,32.033]],"o":[[-119.294,0],[0,32.033],[119.294,0],[0,-32.033]],"v":[[0,-58],[-216,0],[0,58],[216,0]],"c":true},"ix":2},"nm":"Path 1","mn":"ADBE Vector Shape - Group","hd":false},{"ty":"st","c":{"a":0,"k":[0.015440214381,0.539771644742,0.98431372549,1],"ix":3},"o":{"a":0,"k":100,"ix":4},"w":{"a":0,"k":10,"ix":5},"lc":1,"lj":1,"ml":4,"bm":0,"nm":"Stroke 1","mn":"ADBE Vector Graphic - Stroke","hd":false},{"ty":"tr","p":{"a":0,"k":[4,-430],"ix":2},"a":{"a":0,"k":[0,0],"ix":1},"s":{"a":0,"k":[100,100],"ix":3},"r":{"a":0,"k":0,"ix":6},"o":{"a":0,"k":100,"ix":7},"sk":{"a":0,"k":0,"ix":4},"sa":{"a":0,"k":0,"ix":5},"nm":"Transform"}],"nm":"Ellipse 1","np":3,"cix":2,"bm":0,"ix":1,"mn":"ADBE Vector Group","hd":false}],"ip":0,"op":180,"st":0,"bm":0}],"markers":[]}